Compound,Date,Negative,Neutral,Positive,Tweet,Tweets Ago,User
-0.128,Tue Jul 31 00:00:01 +0000 2018,0.819,0.105,0.076,"Lawmakers want answers about controversial TSA program ""Quiet Skies"" that tracked airline passengers, including manâ€_ https://t.co/P16kKKElF4",0,@CBSNews
0,Mon Jul 30 23:39:31 +0000 2018,1,0,0,Claims in NFL concussion settlement hit $500 million in less than 2 years https://t.co/AH9sVuVV1M https://t.co/9jug8aQ6Gi,1,@CBSNews
0.5574,Mon Jul 30 23:19:38 +0000 2018,0.813,0,0.187,"The Red Cross offers Amazon gift cards to those who donate blood in the next 30 days, after the nonprofit announcedâ€_ https://t.co/NxdFsoTJuT",2,@CBSNews
0.2263,Mon Jul 30 22:59:40 +0000 2018,0.909,0,0.091,Some states areÂ rushing to sue the federalÂ government over its decision toÂ allow a Texas company to publishÂ bluepriâ€_ https://t.co/9VHojiEztb,3,@CBSNews
-0.6908,Mon Jul 30 22:55:58 +0000 2018,0.737,0.263,0,"FEMA personnel chief Corey Coleman is accused of widespread sexual harassment at the agency.@jeffpeguescbs has thâ€_ https://t.co/MYby5N0HME",4,@CBSNews
0,Mon Jul 30 22:50:55 +0000 2018,1,0,0,"RT @CBSEveningNews: CBS board of directors announced plans to investigate CBS CEO Les Moonves.Moonves remains in place pending investigatâ€_",5,@CBSNews
-0.2023,Mon Jul 30 22:50:40 +0000 2018,0.913,0.087,0,"More than 1,300 firefighters rotate on 24-hour shifts to battle the California fires, but they often have to fightâ€_ https://t.co/mJ9Tq2VpiQ",6,@CBSNews
-0.6597,Mon Jul 30 22:43:48 +0000 2018,0.677,0.248,0.074,"â€œGrandpa, please,Â you got to come and get us.Â The fire is at the back doorâ€ù: Man recounts the tragic loss of his wiâ€_ https://t.co/V42UsT5bE1",7,@CBSNews
-0.34,Mon Jul 30 22:39:47 +0000 2018,0.902,0.098,0,"@jeffglor is on the scene in Redding, California, the location of the Carr Fire, one of 17 blazes in the state, thaâ€_ https://t.co/YpHOoUqIQv",8,@CBSNews
0,Mon Jul 30 22:29:34 +0000 2018,1,0,0,"FEMA official being investigated for sexual misconduct, after allegedly hiring women, and transferring some into deâ€_ https://t.co/omLQkueRg7",9,@CBSNews
0,Mon Jul 30 22:14:49 +0000 2018,1,0,0,"School district to get rid of snow days, have students work from home instead https://t.co/wDaaC9To1v https://t.co/ctQnyyojCV",10,@CBSNews
0,Mon Jul 30 22:14:21 +0000 2018,1,0,0,"@Elaine_Quijano: What did Rudy Giuliani tell you about a potential Trump-Mueller interview?@MajorCBS: That itâ€™s sâ€_ https://t.co/RhT4LFPQht",11,@CBSNews
0.4588,Mon Jul 30 22:00:33 +0000 2018,0.842,0,0.158,"America's favorite bromance continues: Barack Obama and Joe Biden spotted together at Washington, D.C. bakery thatâ€_ https://t.co/bcdzBZfUV3",12,@CBSNews
0.6705,Mon Jul 30 21:44:31 +0000 2018,0.686,0,0.314,"Attorney General Jeff Sessions announces the creation of a ""religious liberty task force"" https://t.co/zGaIt5OpsP https://t.co/kvgrcd5u3x",13,@CBSNews
0.5719,Mon Jul 30 21:30:00 +0000 2018,0.812,0,0.188,A girls video game camp in the Playstation headquarters aims to inspire the next generation of designersâ€_ https://t.co/hfAWqMlRd8,14,@CBSNews
-0.3182,Mon Jul 30 21:09:55 +0000 2018,0.901,0.099,0,"Canada Dry is being sued over the lack of ginger in their ginger ale, after a woman alleges she drank the beverageâ€_ https://t.co/l5wiGF4A3l",15,@CBSNews
0,Mon Jul 30 20:49:54 +0000 2018,1,0,0,"Bridesmaid begs JetBlue for refund of cross-country flight after bride asks her ""to relinquish"" her role in the wedâ€_ https://t.co/oSudVe1SA6",16,@CBSNews
0.1655,Mon Jul 30 20:34:43 +0000 2018,0.93,0,0.07,"""This is a huge moment, not only in my life, my family's life, and my foundation, but for these kids and the wholeâ€_ https://t.co/CbanGUvnCE",17,@CBSNews
0,Mon Jul 30 20:28:57 +0000 2018,1,0,0,"""Homeless, hungry 4 success"": Man holds unusual sign and hands out resumes by the side of the road. A passerby's soâ€_ https://t.co/OiBuzM3Ftz",18,@CBSNews
0.34,Mon Jul 30 20:05:13 +0000 2018,0.739,0.1,0.161,"WATCH: Desperate man goes from ""Homeless, hungry 4 success"" to receiving hundreds of job offers after a photo of hiâ€_ https://t.co/4Y1fwamxdv",19,@CBSNews
-0.1531,Mon Jul 30 19:51:01 +0000 2018,0.769,0.127,0.104,Sustainable Development Goals set in 2015 aim to raise millions out of poverty and help put the world on a path toâ€_ https://t.co/xn3xDvfpXt,20,@CBSNews
0.7096,Mon Jul 30 19:35:51 +0000 2018,0.742,0,0.258,Sen. Rand Paul says he will endorse Supreme Court nominee Brett Kavanaugh despite misgivings about the judge's viewâ€_ https://t.co/rKNdYmHdrO,21,@CBSNews
0.4939,Mon Jul 30 19:20:34 +0000 2018,0.868,0,0.132,"""Each of us looks forward to working with our friend James again in the future."" Chris Pratt and his fellow ""Guardiâ€_ https://t.co/JDG8CAXlev",22,@CBSNews
-0.4588,Mon Jul 30 19:06:44 +0000 2018,0.787,0.153,0.06,Sick of the law enforcement lip synch challenge videos sweeping the nation? Welcome's to the Norfolk Sheriff's housâ€_ https://t.co/4Oe4l5ELu4,23,@CBSNews
0.34,Mon Jul 30 18:54:56 +0000 2018,0.876,0,0.124,"""Certainly everything is open to negotiation for any president dealing with Congress, @MajorCBS says of President Tâ€_ https://t.co/au6clPPCOt",24,@CBSNews
-0.296,Mon Jul 30 18:51:51 +0000 2018,0.905,0.095,0,"""The president said he is open to talks with Iran at the highest levels with no preconditions. I don't think and noâ€_ https://t.co/yEQcSbrMlx",25,@CBSNews
0.2732,Mon Jul 30 18:50:05 +0000 2018,0.877,0,0.123,"""As defined from a populous perspective or a nationalist perspective, they are in certain ways aligned ideologicallâ€_ https://t.co/4NhKBlKmxe",26,@CBSNews
0.4019,Mon Jul 30 18:43:34 +0000 2018,0.85,0,0.15,"""I would certainly meet with Iran if they want to meet. I do not know if they are ready,"" Pres. Trump said, addingâ€_ https://t.co/Sr3zKt17oR",27,@CBSNews
0,Mon Jul 30 18:38:58 +0000 2018,1,0,0,"Julie Chen adamantly defends husband, CBS CEO Les Moonves, on ""The Talk"": ""I will stand by this statement today, toâ€_ https://t.co/5rlVxluOD7",28,@CBSNews
0,Mon Jul 30 18:35:28 +0000 2018,1,0,0,"Trump on NATO meeting: ""I went to NATO, NATO was essentially going out of business because people were not paying aâ€_ https://t.co/gh9ZhmDqVE",29,@CBSNews
-0.6939,Mon Jul 30 18:27:28 +0000 2018,0.736,0.264,0,Despite President Trump repeating threat to shutdown government if $25B isn't approved for border wall and Congressâ€_ https://t.co/usHH0N9FRv,30,@CBSNews
0,Mon Jul 30 18:17:52 +0000 2018,1,0,0,"President Trump on government shutdown: ""As far as the border is concerned and personally, if we do not get borderâ€_ https://t.co/jQjgebSHCU",31,@CBSNews
0.8555,Mon Jul 30 18:15:08 +0000 2018,0.63,0,0.37,"""The prime minister and I are united in our conviction that strong nations must have a strong borders,"" President Tâ€_ https://t.co/7Pxx4Ww2H7",32,@CBSNews
0,Mon Jul 30 18:09:38 +0000 2018,1,0,0,WATCH NOW: President Trump holds joint news conference with Italian Prime Minister Giuseppe Conteâ€_ https://t.co/h0iLqiXjbR,33,@CBSNews
-0.6705,Mon Jul 30 18:00:38 +0000 2018,0.791,0.209,0,Norwegian authorities defended the actions of guards from a German cruise ship that killed a polar bear that attackâ€_ https://t.co/EF9HTiPTmV,34,@CBSNews
-0.7351,Mon Jul 30 17:44:47 +0000 2018,0.64,0.36,0,"Battalion chief on California evacuation warnings, ""new normal"" of destructive wildfires https://t.co/ur1X5GEoH0 https://t.co/FVL8bA3HG0",35,@CBSNews
0,Mon Jul 30 17:30:35 +0000 2018,0.657,0.197,0.146,"Tyson Foods is cutting its profit forecast, citing higher tariffs and uncertainty about trade policiesâ€_ https://t.co/vNdz4a7lZa",36,@CBSNews
0,Mon Jul 30 17:14:44 +0000 2018,1,0,0,Thousands more fled their homes after wildfires surged near a small lake town in Northern Californiaâ€_ https://t.co/h1b6w0OULw,37,@CBSNews
-0.7269,Mon Jul 30 17:02:36 +0000 2018,0.705,0.295,0,"""Sinking coffins"": New lawsuit seeks $100 million in damages on behalf of duck boat victims, alleging the owners anâ€_ https://t.co/4H13N3Dzgr",38,@CBSNews
0.1197,Mon Jul 30 16:45:15 +0000 2018,0.699,0.141,0.159,"SHARK WEAK: Fisherman catches a great white shark less than a mile off the Rhode Island coast, then films it thrashâ€_ https://t.co/FPq4u9trCT",39,@CBSNews
0,Mon Jul 30 16:41:03 +0000 2018,1,0,0,MOMENTS AGO: President Trump meets with Italian Prime Minister Giuseppe Conte https://t.co/ILVmoXBlJW https://t.co/DTtXQUbb9o,40,@CBSNews
0.1779,Mon Jul 30 16:34:22 +0000 2018,0.925,0,0.075,"RT @CBSEveningNews: TONIGHT: @jeffglor anchors the CBS Evening News from Redding, CA - as the deadly and growing wildfires force tens of thâ€_",41,@CBSNews
-0.5267,Mon Jul 30 16:29:52 +0000 2018,0.761,0.239,0,Man forced to pay nearly $9 million for having affair with other man's wife https://t.co/XxIKxOaeCT https://t.co/3bzTRobxPT,42,@CBSNews
-0.3818,Mon Jul 30 16:14:36 +0000 2018,0.852,0.148,0,"Advances in IVF testing spurring debate over ""mosaic"" embryos that some fertility experts disagree onâ€_ https://t.co/A7DFchmDr4",43,@CBSNews
-0.5994,Mon Jul 30 16:06:10 +0000 2018,0.837,0.163,0,"""Since 1999, there have been 42 deaths associated with duck boats...60 million people would die if cars were as danâ€_ https://t.co/WP3HsBw0pq",44,@CBSNews
-0.2263,Mon Jul 30 16:04:07 +0000 2018,0.899,0.101,0,"""Duck boats are sinking coffins,"" attorney says while describing lawsuit seeking $100million for families of duck bâ€_ https://t.co/TUo8095eUE",45,@CBSNews
-0.7506,Mon Jul 30 16:02:43 +0000 2018,0.686,0.314,0,WATCH: Attorneys describe lawsuit seeking $100 million for families of people killed on Duck Boatâ€_ https://t.co/oGygdbCIyy,46,@CBSNews
-0.6486,Mon Jul 30 16:00:01 +0000 2018,0.699,0.301,0,"Brian Christopher Lawler, former WWE star, dead at 46 https://t.co/vi4lMkkAjW https://t.co/rFYDnvtPZM",47,@CBSNews
0.6124,Mon Jul 30 15:45:13 +0000 2018,0.808,0,0.192,"""I was talking to my little grandson on the phone, he was saying, 'Grandpa, please, you gotta come and help us, theâ€_ https://t.co/C2pVp4JseP",48,@CBSNews
0.6124,Mon Jul 30 15:29:50 +0000 2018,0.706,0,0.294,"President Trump's economic team sees continued robust growth, despite widely held outside opinionâ€_ https://t.co/TDhCjNZOfI",49,@CBSNews
0,Mon Jul 30 15:14:30 +0000 2018,1,0,0,ISIS kidnaps dozens of women and girls in deadly Syria raids https://t.co/hl5GRODCiU https://t.co/iKVxQx0wOM,50,@CBSNews
-0.743,Mon Jul 30 14:59:35 +0000 2018,0.478,0.411,0.11,"Pope accepts resignation of Archbishop Philip Wilson, convicted of sex abuse cover-up https://t.co/VyJPDXTIfU https://t.co/D9oPCYp6Vx",51,@CBSNews
0,Mon Jul 30 14:44:38 +0000 2018,1,0,0,"Social media users are ""fawning"" over a photo of a California Highway Patrol officer getting ""kissed"" by a baby deeâ€_ https://t.co/pOQ6bctwpJ",52,@CBSNews
0.5945,Mon Jul 30 14:29:38 +0000 2018,0.805,0,0.195,"85-year-old Ruth Bader Ginsburg aims to serve ""at least five more years"" on Supreme Court https://t.co/Z9A0ASTHNM https://t.co/LeFebnMZkV",53,@CBSNews
0,Mon Jul 30 14:14:36 +0000 2018,1,0,0,"Big Mac is 50, and McDonald's is sticking with the aging icon https://t.co/KncDhMvmlS https://t.co/HNZNBCSaVL",54,@CBSNews
0,Mon Jul 30 13:59:39 +0000 2018,1,0,0,Caesars will start taking sports bets in two states https://t.co/Rjhqeq92Zi https://t.co/h4GdYAzItK,55,@CBSNews
0,Mon Jul 30 13:44:52 +0000 2018,1,0,0,U.S. firms seeking President Trump's steel tariff waiver face backlash https://t.co/TN6anAsonF https://t.co/r6PeEKiuQk,56,@CBSNews
-0.0516,Mon Jul 30 13:29:54 +0000 2018,0.926,0.074,0,"""Medicare for all"" plan touted by Bernie Sanders would cost $32.6 trillion, study finds https://t.co/7eqKM21V5Z https://t.co/R7Svzw7tNC",57,@CBSNews
-0.5267,Mon Jul 30 13:14:44 +0000 2018,0.746,0.254,0,Hundreds of tourists trapped on Indonesia volcano after earthquake https://t.co/v3mq1WEtJ6 https://t.co/aRy9wSIjW5,58,@CBSNews
0.5766,Mon Jul 30 13:00:21 +0000 2018,0.809,0,0.191,DREAM DRESS: A father worked three jobs to buy his daughter her dream dress dress for the 8th grade dance. His surpâ€_ https://t.co/FGqe626d96,59,@CBSNews
-0.4019,Mon Jul 30 12:39:34 +0000 2018,0.828,0.172,0,Nearly $1 million medical bill for Utah inmate highlights problem for jails https://t.co/pTWuz08caE https://t.co/gNBjzqkP2i,60,@CBSNews
0,Mon Jul 30 12:19:32 +0000 2018,1,0,0,"Sea mammal on brink of extinction targeted by ""mafias"" in Baja, Mexico https://t.co/OOzCSJnDp5 https://t.co/mE7tzp1835",61,@CBSNews
0.6124,Mon Jul 30 11:59:55 +0000 2018,0.808,0,0.192,"""I was talking to my little grandson on the phone, he was saying, 'Grandpa, please, you gotta come and help us, theâ€_ https://t.co/m62WdiOhAm",62,@CBSNews
-0.7506,Mon Jul 30 11:40:22 +0000 2018,0.701,0.299,0,Authorities have released dramatic body camera footage from a frantic foot chase and fatal shooting of 31-year-oldâ€_ https://t.co/r4OQg0OhIL,63,@CBSNews
0,Mon Jul 30 11:20:01 +0000 2018,1,0,0,Probe into Flight 370 mystery highlights shortcomings https://t.co/iT8MCvRkNH https://t.co/gwm5vGDosK,64,@CBSNews
-0.7579,Mon Jul 30 10:59:41 +0000 2018,0.723,0.277,0,California wildfires: Firefighter struck by a tree and killed while working as part of a crew removing brush and otâ€_ https://t.co/RMb7t0YUsc,65,@CBSNews
-0.6705,Mon Jul 30 10:47:50 +0000 2018,0.809,0.191,0,"The #CarrFire has burned nearly 150 square miles and has killed six people, including three members of one family.â€_ https://t.co/m0BKdySgab",66,@CBSNews
-0.4215,Mon Jul 30 10:39:56 +0000 2018,0.625,0.234,0.141,13 killed as van carrying wedding party in Vietnam slams into truck https://t.co/D0mbfMhB2O https://t.co/R1HHgJACgS,67,@CBSNews
0,Mon Jul 30 10:34:58 +0000 2018,1,0,0,"Ahead on @CBSThisMorning, Trayvon Martin's father joins us in Studio 57 along with filmmakers Jenner Furst and Juliâ€_ https://t.co/JJ3ztWfvEc",68,@CBSNews
-0.5423,Mon Jul 30 10:19:31 +0000 2018,0.774,0.226,0,Minneapolis police release bodycam videos in fatal shooting of black man https://t.co/3rGitPEyta https://t.co/mS5QuLVtYz,69,@CBSNews
-0.5719,Mon Jul 30 10:03:03 +0000 2018,0.702,0.228,0.07,Egyptian court sentences 75 to death for their involvement in a 2013 sit-in https://t.co/76t4l7zLEp https://t.co/Giio7vSoOJ,70,@CBSNews
0,Mon Jul 30 09:56:05 +0000 2018,1,0,0,"For 1st time in almost 40 years, a Zimbabwe election without Mugabe https://t.co/Lig15JcAiL https://t.co/KoL8lzJ5Js",71,@CBSNews
0,Mon Jul 30 09:48:04 +0000 2018,1,0,0,Animal influencers: How pets earn big bucks as Instagram stars https://t.co/CziQmwnq9S https://t.co/d7YevfHT7L,72,@CBSNews
-0.296,Mon Jul 30 09:33:04 +0000 2018,0.845,0.155,0,New details emerge in case of missing University of Iowa student https://t.co/O4fojPX8KJ https://t.co/DGjVhioHVE,73,@CBSNews
-0.4404,Mon Jul 30 09:18:03 +0000 2018,0.818,0.182,0,Trump backers stand by president in face of Russia criticism â€” CBS poll https://t.co/Aw6T8ukiye https://t.co/bcFFiSTytH,74,@CBSNews
0,Mon Jul 30 09:03:03 +0000 2018,1,0,0,The Dish: Chef Edouardo Jordan brings the South to Seattle https://t.co/kcN5QV6ett https://t.co/4GdNlexGlo,75,@CBSNews
0,Mon Jul 30 08:54:06 +0000 2018,1,0,0,Probe into Flight 370 mystery highlights shortcomings https://t.co/QDhqzL31qi https://t.co/nviwU4L6Ah,76,@CBSNews
0.4215,Mon Jul 30 08:48:04 +0000 2018,0.781,0,0.219,Homeless man saved woman who jumped from Minneapolis bridge https://t.co/VgqHj1yf4L https://t.co/cwhPkFbMDh,77,@CBSNews
0,Mon Jul 30 08:33:05 +0000 2018,1,0,0,Tourism on the Galapagos Islands https://t.co/XTybehEVfE https://t.co/G0rJvZG59X,78,@CBSNews
0,Mon Jul 30 08:18:05 +0000 2018,1,0,0,"Giuliani says feds have 183 recordings made by Michael Cohen, Trump heard on 1 https://t.co/QpD3TgrFJq https://t.co/wjYXNP78UA",79,@CBSNews
0.6369,Mon Jul 30 08:03:04 +0000 2018,0.679,0,0.321,Richest people in the world: Forbes' top 20 billionaires of 2018 https://t.co/X3jzgOeh1c https://t.co/oa4vXG5I90,80,@CBSNews
-0.0516,Mon Jul 30 07:48:03 +0000 2018,0.615,0.2,0.185,Trump threatens government shutdown over border security votes https://t.co/lKuX0TNjB7 https://t.co/XQuTv7heFF,81,@CBSNews
0.0516,Mon Jul 30 07:33:02 +0000 2018,0.882,0,0.118,John Kelly reaches 1-year anniversary in West Wing https://t.co/2M1kwOF8JN https://t.co/Un6CHslIjK,82,@CBSNews
-0.128,Mon Jul 30 07:24:05 +0000 2018,0.593,0.222,0.185,Washington Nationals' Trea Turner apologizes for offensive tweets https://t.co/KHCmMXd1I0 https://t.co/3s8Xus9tua,83,@CBSNews
-0.7906,Mon Jul 30 07:18:05 +0000 2018,0.462,0.538,0,"New Orleans shooting leaves 3 dead, 7 injured https://t.co/uZFMT3fQ1t https://t.co/decP1Eq6j4",84,@CBSNews
0,Mon Jul 30 07:03:04 +0000 2018,1,0,0,New York Times publisher asked Trump to tamp down anti-press rhetoric at White House meeting https://t.co/EoyvgAN6JV https://t.co/mNebUlPJ5l,85,@CBSNews
-0.5994,Mon Jul 30 06:48:04 +0000 2018,0.719,0.281,0,Death toll rises to 91 in deadly Greece wildfire https://t.co/CNkkwtFnNw https://t.co/GhIuWOemDt,86,@CBSNews
0,Mon Jul 30 06:33:03 +0000 2018,1,0,0,The story of the My Pillow king https://t.co/GqkLqY8CPa https://t.co/iywQKMrVhW,87,@CBSNews
-0.2732,Mon Jul 30 06:24:06 +0000 2018,0.63,0.228,0.142,Company agrees to block 3D-downloadable guns in Pennsylvania https://t.co/khUeACg2G0 https://t.co/kDkiWWOwDl,88,@CBSNews
0.5574,Mon Jul 30 06:18:04 +0000 2018,0.581,0,0.419,Can money buy happiness? https://t.co/MIYv21d79K https://t.co/xH6Ezay2gj,89,@CBSNews
0,Mon Jul 30 06:03:03 +0000 2018,1,0,0,An exhibition of workers at the National Portrait Gallery https://t.co/hjezZmU9De https://t.co/vLrC7q2CLH,90,@CBSNews
-0.4939,Mon Jul 30 05:48:04 +0000 2018,0.775,0.225,0,Rescuing destroyed cash at the U.S. Mint's Mutilated Currency Division https://t.co/OXBqL57Nxh https://t.co/as85AKBRHl,91,@CBSNews
0.4215,Mon Jul 30 05:33:04 +0000 2018,0.741,0,0.259,Salma Hayek Pinault on charity and activism https://t.co/ExDR53rlTJ https://t.co/Uy8bsEQ3vS,92,@CBSNews
-0.8176,Mon Jul 30 05:18:04 +0000 2018,0.516,0.484,0,Polar bear killed after attacking cruise ship employee https://t.co/7f6cOgSyhF https://t.co/WItugor1Vk,93,@CBSNews
0,Mon Jul 30 05:03:03 +0000 2018,1,0,0,Universal basic income: Will it work? https://t.co/Qw6wbxndiX https://t.co/b23mCiMHg4,94,@CBSNews
0,Mon Jul 30 04:48:06 +0000 2018,1,0,0,"Sen. Shaheen says senators targeted in ""widespread"" hacking attempts https://t.co/WH4eQGzXGq https://t.co/gOovntqdeP",95,@CBSNews
0,Mon Jul 30 04:33:03 +0000 2018,1,0,0,Animal influencers: How pets earn big bucks as Instagram stars https://t.co/6RVHgbY1uT https://t.co/WNTmd1eM47,96,@CBSNews
-0.4404,Mon Jul 30 04:18:04 +0000 2018,0.818,0.182,0,Trump backers stand by president in face of Russia criticism â€” CBS poll https://t.co/eTsGrOArbw https://t.co/2Qwej5cj0t,97,@CBSNews
0.6369,Mon Jul 30 04:10:05 +0000 2018,0.769,0,0.231,"LeBron James says opening school will be among his ""greatest moments"" in life https://t.co/ySm22n6aPK https://t.co/1OIxreQYLo",98,@CBSNews
-0.5423,Mon Jul 30 04:03:04 +0000 2018,0.774,0.226,0,Minneapolis police release bodycam videos in fatal shooting of black man https://t.co/xuuK0moFTG https://t.co/x26mnR0Tk7,99,@CBSNews
0,Mon Jul 30 03:50:55 +0000 2018,1,0,0,Underwear is being transformed by technology -- with high-performance briefs claiming to do everything from emittinâ€_ https://t.co/hPqcEvQHG2,0,@CNN
-0.4215,Mon Jul 30 03:48:07 +0000 2018,0.55,0.312,0.138,Police fire tear gas at protesters during state funeral for Ethiopia's Grand Dam engineer https://t.co/i4rdDMSENx https://t.co/CpPWCEnq6T,1,@CNN
0.4118,Mon Jul 30 03:43:06 +0000 2018,0.761,0.082,0.156,"Asking a woman about her work-life balance can be problematic, but she should use the opportunity to discuss the neâ€_ https://t.co/VcC8QAtOGS",2,@CNN
-0.3182,Mon Jul 30 03:42:05 +0000 2018,0.766,0.145,0.089,"Trump lawyer Rudy Giuliani once praised Michael Cohen as 'honest,' but now says Cohen has 'lied all his life'â€_ https://t.co/vb6KOviiw0",3,@CNN
-0.5423,Mon Jul 30 03:41:58 +0000 2018,0.844,0.156,0,The CBS board of directors will discuss allegations of sexual harassment against CEO Les Moonves at a meeting on Moâ€_ https://t.co/pRFA6rxuJK,4,@CNN
-0.4215,Mon Jul 30 03:34:06 +0000 2018,0.823,0.177,0,Trump's 2020 campaign denies reports that it is producing flags in China https://t.co/KhyQAykUbd https://t.co/7vVW9Foza1,5,@CNN
0,Mon Jul 30 03:33:05 +0000 2018,1,0,0,What you need to know about 'stand your ground' laws https://t.co/r2GaqhoOaV https://t.co/uoB69LnthQ,6,@CNN
-0.0258,Mon Jul 30 03:33:05 +0000 2018,0.595,0.204,0.201,Recep Tayyip Erdogan denies that Turkey has agreed to free a detained American pastor as part of a possible deal wiâ€_ https://t.co/HwQV1nfthi,7,@CNN
-0.1531,Mon Jul 30 03:24:05 +0000 2018,0.727,0.15,0.123,Palestinian teenage activist Ahed Tamimi has been freed from an Israeli prison after serving an eight-month prisonâ€_ https://t.co/dktybvi8Cs,8,@CNN
-0.128,Mon Jul 30 03:23:53 +0000 2018,0.923,0.077,0,"Russia put on a show of its naval might on Sunday, sending 40 warships through waters near St. Petersburgâ€_ https://t.co/gNyKxLL0dg",9,@CNN
-0.5423,Mon Jul 30 03:16:03 +0000 2018,0.8,0.2,0,Three new polls show bad news for Republicans ahead of the midterm elections https://t.co/SUJ6M7bR0s https://t.co/DspQVbY2cs,10,@CNN
-0.4404,Mon Jul 30 03:06:03 +0000 2018,0.854,0.146,0,"20 times that Trump and his allies denied he knew of the 2016 Trump Tower meeting https://t.co/e00pkKmpCW https://t.co/MgBftuGCNW",11,@CNN
-0.128,Mon Jul 30 02:57:06 +0000 2018,0.93,0.07,0,A city once known as America's foreclosure capital will become the first in the US to participate in a test of Univâ€_ https://t.co/IGvIMKUmQa,12,@CNN
0,Mon Jul 30 02:50:05 +0000 2018,1,0,0,The Trump administration wants to roll back the Endangered Species Act. These 10 animals might not be here today wiâ€_ https://t.co/RUe43h5Wif,13,@CNN
-0.802,Mon Jul 30 02:44:04 +0000 2018,0.647,0.353,0,"A police officer in Meridian, Mississippi, has been fired after using his stun gun against a handcuffed suspect durâ€_ https://t.co/RFfMAyxC5b",14,@CNN
-0.296,Mon Jul 30 02:36:07 +0000 2018,0.855,0.145,0,A zoo is accused of painting a donkey and passing it off as a zebra https://t.co/DoETle11Qq https://t.co/UToHC1YvIw,15,@CNN
0.1027,Mon Jul 30 02:29:06 +0000 2018,0.667,0.153,0.18,Here's how to help the victims of the Greece wildfires https://t.co/SukveA8dLc https://t.co/o31vUTikXl,16,@CNN
-0.3612,Mon Jul 30 02:22:07 +0000 2018,0.894,0.106,0,Police have responded to at least 125 calls in the past five years alleging sex offenses at shelters that house immâ€_ https://t.co/7KKjpzKxO4,17,@CNN
-0.4215,Mon Jul 30 02:14:28 +0000 2018,0.872,0.128,0,"A teen broke into a home in California shortly after midnight and woke a sleeping couple to ask to use their Wi-Fi,â€_ https://t.co/w7K3FonBYI",18,@CNN
-0.8316,Mon Jul 30 01:00:08 +0000 2018,0.709,0.291,0,A German cruise line is facing outrage after one of its employees shot and killed a wild polar bear in Norway afterâ€_ https://t.co/SHM9Cu1UlL,19,@CNN
0,Mon Jul 30 00:45:10 +0000 2018,1,0,0,Don't pack your bags for Mars just yet https://t.co/aIRZA5OdUv https://t.co/9OnzFTzmg0,20,@CNN
-0.4404,Mon Jul 30 00:30:11 +0000 2018,0.854,0.146,0,"20 times that Trump and his allies denied he knew of the 2016 Trump Tower meeting https://t.co/CxWp3Hw2TM https://t.co/dtQ8F8u52Y",21,@CNN
-0.3182,Mon Jul 30 00:15:06 +0000 2018,0.766,0.145,0.089,"Trump lawyer Rudy Giuliani once praised Michael Cohen as 'honest,' but now says Cohen has 'lied all his life'â€_ https://t.co/BRg8Pa0fAd",22,@CNN
-0.5106,Mon Jul 30 00:00:07 +0000 2018,0.705,0.216,0.079,"The United Nations has verified 7,000 cases of children either killed or maimed in Syria's seven-year war, but saysâ€_ https://t.co/idGE0niLzI",23,@CNN
-0.765,Sun Jul 29 23:45:10 +0000 2018,0.72,0.28,0,Palestinian teen activist Ahed Tamimi has been released from an Israeli prison after serving an 8-month prison sentâ€_ https://t.co/YK7TzV1dIW,24,@CNN
0.4019,Sun Jul 29 23:44:36 +0000 2018,0.863,0,0.137,"Civil rights icon Rep. John Lewis released from hospital with a clean bill of health, his spokeswoman saysâ€_ https://t.co/OAv2I7tXpy",25,@CNN
0,Sun Jul 29 23:30:06 +0000 2018,1,0,0,There are 100 days to the midterm election. Here's what to watch: https://t.co/zEcaQMqZen https://t.co/3zcbjwxVVL,26,@CNN
0,Sun Jul 29 23:15:06 +0000 2018,1,0,0,"2018 is on pace to be the fourth hottest year on record, according to data from the National Oceanic and Atmospheriâ€_ https://t.co/5O78he0ELj",27,@CNN
0.8689,Sun Jul 29 23:04:37 +0000 2018,0.682,0,0.318,Justice Ruth Bader Ginsburg says she hopes to stay on the Supreme Court at least five more years until the age of 9â€_ https://t.co/b7GWr3AJky,28,@CNN
0,Sun Jul 29 23:00:05 +0000 2018,1,0,0,A 12-year-old boy who can't speak wrote a book with his eyes https://t.co/keZdphbHau https://t.co/NFx0OB1QHj,29,@CNN
-0.3818,Sun Jul 29 22:45:13 +0000 2018,0.867,0.133,0,President Trump threatens to push the government into shutdown ahead of the coming appropriations deadline if Congrâ€_ https://t.co/HkUFzmjXF8,30,@CNN
0.9032,Sun Jul 29 22:30:03 +0000 2018,0.653,0,0.347,"North Korea may be taking some steps to keep its promises, but they will likely come at great cost to the United Stâ€_ https://t.co/NHhYo086W7",31,@CNN
-0.9517,Sun Jul 29 22:15:06 +0000 2018,0.467,0.533,0,"A man arrested in connection to a bi-coastal crime spree that involved murder, rape and holding a woman captive useâ€_ https://t.co/PNs68ZvV9F",32,@CNN
0,Sun Jul 29 22:00:02 +0000 2018,1,0,0,"On this day in 1958, President Dwight D. Eisenhower signed the National Aeronautics and Space Act, which establisheâ€_ https://t.co/oKyQTnxcIt",33,@CNN
0,Sun Jul 29 21:50:04 +0000 2018,1,0,0,"Nazi images, including a swastika, were discovered Saturday morning painted on a structure that is part of a Jewishâ€_ https://t.co/qV57ew3Ac4",34,@CNN
0.4118,Sun Jul 29 21:40:01 +0000 2018,0.761,0.082,0.156,"Asking a woman about her work-life balance can be problematic, but she should use the opportunity to discuss the neâ€_ https://t.co/cC7IXZTQwb",35,@CNN
0.3182,Sun Jul 29 21:30:00 +0000 2018,0.887,0,0.113,This NASA animation shows the dramatic increase of near-Earth objects. See how many asteroids and comets have comeâ€_ https://t.co/F4wJSgwAi1,36,@CNN
-0.3182,Sun Jul 29 21:20:06 +0000 2018,0.766,0.145,0.089,"Trump lawyer Rudy Giuliani once praised Michael Cohen as 'honest,' but now says Cohen has 'lied all his life'â€_ https://t.co/Bt349Fd9D8",37,@CNN
-0.8316,Sun Jul 29 21:05:59 +0000 2018,0.709,0.291,0,A German cruise line is facing outrage after one of its employees shot and killed a wild polar bear in Norway afterâ€_ https://t.co/kmYQZLtUNe,38,@CNN
-0.4215,Sun Jul 29 20:51:22 +0000 2018,0.833,0.167,0,President Trump's 2020 campaign denies reports that it is producing flags in China https://t.co/P5rFSU4LAq https://t.co/llzTLssJXI,39,@CNN
-0.34,Sun Jul 29 20:40:06 +0000 2018,0.888,0.112,0,The monstrous Carr Fire in Northern California has doubled in size this weekend. Authorities say at least 12 peopleâ€_ https://t.co/XSG8S7YyTF,40,@CNN
0,Sun Jul 29 20:40:00 +0000 2018,1,0,0,"""The Brady Bunch"" house, the classic split-level scene for nearly every episode of the hit TV show, is now on the mâ€_ https://t.co/OZ0ZdLw13e",41,@CNN
0.3182,Sun Jul 29 20:30:00 +0000 2018,0.897,0,0.103,"Listen to the soothing sounds of the sun. Scientists mapped vibrations that form the ""low, pulsing hum of our star'â€_ https://t.co/lrrvtnZK0K",42,@CNN
0,Sun Jul 29 20:20:05 +0000 2018,1,0,0,Former President Barack Obama and first lady Michelle Obama were spotted dancing at a BeyoncÃ© and Jay-Z concert neaâ€_ https://t.co/VtJU8vkRfm,43,@CNN
-0.765,Sun Jul 29 20:10:09 +0000 2018,0.72,0.28,0,Palestinian teen activist Ahed Tamimi has been released from an Israeli prison after serving an 8-month prison sentâ€_ https://t.co/c2XsaRZGQ0,44,@CNN
0,Sun Jul 29 20:00:17 +0000 2018,1,0,0,There are 100 days to the midterm election. Here's what to watch: https://t.co/64dpmcDvQ7 https://t.co/loNDIF3yfI,45,@CNN
0,Sun Jul 29 19:55:04 +0000 2018,1,0,0,"2018 is on pace to be the fourth hottest year on record, according to data from the National Oceanic and Atmospheriâ€_ https://t.co/DGbncI4Pk9",46,@CNN
-0.3818,Sun Jul 29 19:48:30 +0000 2018,0.867,0.133,0,President Trump threatens to push the government into shutdown ahead of the coming appropriations deadline if Congrâ€_ https://t.co/i63KxWcUMA,47,@CNN
-0.6597,Sun Jul 29 19:30:59 +0000 2018,0.707,0.293,0,"Who is Andrew Brunson, the detained American pastor central to the US-Turkey dispute https://t.co/jtUi6jrUfT https://t.co/RJ2Vfwy0Lf",48,@CNN
-0.6697,Sun Jul 29 19:18:50 +0000 2018,0.809,0.191,0,"Nikolai Volkoff, the wrestler whose brash Soviet persona made him one of the most hated figures in professional wreâ€_ https://t.co/REWVlWdQwe",49,@CNN
0.2263,Sun Jul 29 19:02:15 +0000 2018,0.424,0.272,0.304,"A prominent neurologist collapses, sending her friends and colleagues on a frantic fight to save her life. A new epâ€_ https://t.co/MziHWkB6mg",50,@CNN
-0.34,Sun Jul 29 18:54:11 +0000 2018,0.876,0.124,0,"The fast-moving Carr Fire in Northern California has claimed the lives of a great-grandmother, two young children aâ€_ https://t.co/oHwvlBZZ0u",51,@CNN
0,Sun Jul 29 18:39:52 +0000 2018,1,0,0,Don't pack your bags for Mars just yet https://t.co/T2vDZkv45G https://t.co/ph2CB7Kz1O,52,@CNN
0,Sun Jul 29 18:25:52 +0000 2018,1,0,0,President Trump's attorney Rudy Giuliani says he wants the public to hear more of Michael Cohen's recordings as heâ€_ https://t.co/0u5WLD0fJH,53,@CNN
-0.3182,Sun Jul 29 18:10:00 +0000 2018,0.881,0.119,0,Former White House communications director Anthony Scaramucci says he disagrees with the way the White House reprimâ€_ https://t.co/TFFM7qMlur,54,@CNN
-0.4215,Sun Jul 29 18:00:08 +0000 2018,0.55,0.312,0.138,Police fire tear gas at protesters during state funeral for Ethiopia's Grand Dam engineer https://t.co/f8KZbVKwcA https://t.co/TY6msO1lsF,55,@CNN
0,Sun Jul 29 17:55:16 +0000 2018,1,0,0,Coke is raising soda prices because of aluminum tariffs https://t.co/DHmhml6y03 https://t.co/uBpxXGVvAB,56,@CNN
-0.4404,Sun Jul 29 17:40:03 +0000 2018,0.854,0.146,0,"20 times that Trump and his allies denied he knew of the 2016 Trump Tower meeting https://t.co/XvrpVu7CRo https://t.co/9ONriP5Lkp",57,@CNN
0.765,Sun Jul 29 17:29:04 +0000 2018,0.732,0,0.268,Sporting history was made on the Champs Elysees Sunday as Geraint Thomas became the first Welshman to win cycling'sâ€_ https://t.co/lQYOdtvP5O,58,@CNN
-0.6486,Sun Jul 29 17:18:00 +0000 2018,0.725,0.275,0,President Trumpâ€™s chief economic adviser Larry Kudlow on the criticism surrounding tariffs: â€œDonâ€™t blame Presidentâ€_ https://t.co/500k5oO8w2,59,@CNN
0.4522,Sun Jul 29 17:05:20 +0000 2018,0.871,0,0.129,This man built a floating bicycle so he could clean trash from a river in order to raise awareness about plastic poâ€_ https://t.co/s70T5FO2pZ,60,@CNN
-0.4215,Sun Jul 29 16:53:25 +0000 2018,0.823,0.177,0,Trump's 2020 campaign denies reports that it is producing flags in China https://t.co/OoiPiKjcFf https://t.co/FlJ4efPygH,61,@CNN
-0.3182,Sun Jul 29 16:40:53 +0000 2018,0.766,0.145,0.089,"Trump lawyer Rudy Giuliani once praised Michael Cohen as 'honest,' but now says Cohen has 'lied all his life'â€_ https://t.co/AuzdI38OLV",62,@CNN
0,Sun Jul 29 16:31:12 +0000 2018,1,0,0,What you need to know about 'stand your ground' laws https://t.co/ouj4Dp8ots https://t.co/cd2fY6FhNZ,63,@CNN
-0.5106,Sun Jul 29 16:16:39 +0000 2018,0.705,0.216,0.079,"The United Nations has verified 7,000 cases of children either killed or maimed in Syria's seven-year war, but saysâ€_ https://t.co/5DDdEc5z8S",64,@CNN
-0.765,Sun Jul 29 16:04:04 +0000 2018,0.72,0.28,0,Palestinian teen activist Ahed Tamimi has been released from an Israeli prison after serving an 8-month prison sentâ€_ https://t.co/AvPuJbaTDm,65,@CNN
0.6908,Sun Jul 29 15:54:15 +0000 2018,0.737,0,0.263,5 metrics that suggest Democrats are poised for big wins 100 days to the midterms | Analysis by @ForecasterEntenâ€_ https://t.co/SEzQTXjMmZ,66,@CNN
-0.8402,Sun Jul 29 15:40:05 +0000 2018,0.654,0.346,0,"A manhunt is underway for two suspects accused of killing three people and injuring seven others in New Orleans, thâ€_ https://t.co/CNYraRdA9T",67,@CNN
0,Sun Jul 29 15:31:32 +0000 2018,1,0,0,"On this day in 1958, President Dwight D. Eisenhower signed the National Aeronautics and Space Act, which establisheâ€_ https://t.co/TpVjqvFWso",68,@CNN
0,Sun Jul 29 15:15:10 +0000 2018,1,0,0,There are 100 days to the midterm election. Here's what to watch: https://t.co/yqi6ZX3a41 https://t.co/PgkWJY6vbC,69,@CNN
0,Sun Jul 29 15:01:14 +0000 2018,1,0,0,Civil rights icon and Georgia congressman Rep. John Lewis has been hospitalized but is expected to be released lateâ€_ https://t.co/Y8KpPUJefT,70,@CNN
0,Sun Jul 29 15:01:06 +0000 2018,1,0,0,A clinical trial run by UCLA is testing a potentially pioneering form of immunotherapy that could turn a patient'sâ€_ https://t.co/ILFbFlqJXL,71,@CNN
0,Sun Jul 29 14:56:11 +0000 2018,1,0,0,"2018 is on pace to be the fourth hottest year on record, according to data from the National Oceanic and Atmospheriâ€_ https://t.co/K6FMntJR1t",72,@CNN
-0.0258,Sun Jul 29 14:40:06 +0000 2018,0.595,0.204,0.201,Recep Tayyip Erdogan denies that Turkey has agreed to free a detained American pastor as part of a possible deal wiâ€_ https://t.co/iiiT1mdcfX,73,@CNN
0,Sun Jul 29 14:30:07 +0000 2018,1,0,0,A 12-year-old boy who can't speak wrote a book with his eyes https://t.co/GmvT6OSsUY https://t.co/t1w6FJR6iN,74,@CNN
-0.3818,Sun Jul 29 14:22:29 +0000 2018,0.867,0.133,0,President Trump threatens to push the government into shutdown ahead of the coming appropriations deadline if Congrâ€_ https://t.co/F4KsOZEbdv,75,@CNN
0.3182,Sun Jul 29 14:16:06 +0000 2018,0.881,0,0.119,What sparks your curiosity? See how Steve Jobs and other curious entrepreneurs revolutionized our world through tecâ€_ https://t.co/J3649I6KqG,76,@CNN
-0.1531,Sun Jul 29 14:00:13 +0000 2018,0.727,0.15,0.123,Palestinian teenage activist Ahed Tamimi has been freed from an Israeli prison after serving an eight-month prisonâ€_ https://t.co/KkXsei7Zl0,77,@CNN
0,Sun Jul 29 13:46:52 +0000 2018,1,0,0,The former mayor of New Orleans Mitch Landrieu says he is a â€œradical centristâ€ù: â€œI donâ€™t think abolishing ICE is aâ€_ https://t.co/t7L2vJiZPw,78,@CNN
-0.5423,Sun Jul 29 13:46:05 +0000 2018,0.8,0.2,0,Three new polls show bad news for Republicans ahead of the midterm elections https://t.co/xbfpqVTIp4 https://t.co/3fCfLLjM2d,79,@CNN
0.5859,Sun Jul 29 13:31:00 +0000 2018,0.84,0,0.16,"The future of Sky Bars, NECCO wafers, and Sweethearts is in limbo after NECCO, the oldest American candy company, sâ€_ https://t.co/fJ7rqeks2V",80,@CNN
-0.4404,Sun Jul 29 13:30:08 +0000 2018,0.854,0.146,0,"20 times that Trump and his allies denied he knew of the 2016 Trump Tower meeting https://t.co/7PuzZxBnBu https://t.co/QCBKHw9FnY",81,@CNN
0,Sun Jul 29 13:20:17 +0000 2018,1,0,0,Former White House communications director Anthony Scaramucci on the White House barring CNN's Kaitlan Collins fromâ€_ https://t.co/MDxTSQ66Fa,82,@CNN
-0.128,Sun Jul 29 13:16:02 +0000 2018,0.93,0.07,0,A city once known as America's foreclosure capital will become the first in the US to participate in a test of Univâ€_ https://t.co/AHaazLPWXb,83,@CNN
0.34,Sun Jul 29 13:08:58 +0000 2018,0.876,0,0.124,"â€œThereâ€™s certainly been a breach in the relationship,â€ù between President Trump and Michael Cohen says former WH comâ€_ https://t.co/OKqPkm63pA",84,@CNN
0,Sun Jul 29 13:01:06 +0000 2018,1,0,0,The Trump administration wants to roll back the Endangered Species Act. These 10 animals might not be here today wiâ€_ https://t.co/goAQn1TxuL,85,@CNN
-0.296,Sun Jul 29 12:31:00 +0000 2018,0.891,0.109,0,"No, this car wasn't split in half. It's Solo, an electric vehicle with one seat and three wheels.â€_ https://t.co/gAfqougR2R",86,@CNN
-0.802,Sun Jul 29 12:30:06 +0000 2018,0.647,0.353,0,"A police officer in Meridian, Mississippi, has been fired after using his stun gun against a handcuffed suspect durâ€_ https://t.co/C1aC5wRvqd",87,@CNN
0,Sun Jul 29 12:16:06 +0000 2018,1,0,0,"This concrete (yes, concrete) is going high-tech https://t.co/1eRf2U1jRQ https://t.co/k7YEF0mtZU",88,@CNN
-0.2263,Sun Jul 29 12:01:06 +0000 2018,0.881,0.119,0,"'Recovering addict' secretly treats a table of EMTs to breakfast, bringing them to tears https://t.co/BC0hdJ5UwM https://t.co/gEdL3p6kNV",89,@CNN
0.4019,Sun Jul 29 11:31:00 +0000 2018,0.847,0,0.153,This Florida police officer helped a homeless man shave to help him land a job at a restaurantâ€_ https://t.co/0F0chS7Lkg,90,@CNN
-0.0258,Sun Jul 29 11:30:06 +0000 2018,0.788,0.108,0.103,"Pope Francis has accepted the resignation of Cardinal Theodore McCarrick, who led the Archdiocese of Washington, afâ€_ https://t.co/AS3EW5ob7L",91,@CNN
-0.296,Sun Jul 29 11:01:06 +0000 2018,0.855,0.145,0,A zoo is accused of painting a donkey and passing it off as a zebra https://t.co/Zpvlhe1t5U https://t.co/hygAA2yL4u,92,@CNN
-0.4404,Sun Jul 29 10:46:03 +0000 2018,0.884,0.116,0,Drought woes? This tech can literally make it rain by using planes to target clouds and draw out more rain from them https://t.co/NYncHJh3Lm,93,@CNN
0.3182,Sun Jul 29 10:31:00 +0000 2018,0.892,0,0.108,This new NASA animation shows the dramatic increase of near-Earth objects. See how many asteroids and comets have câ€_ https://t.co/ppofrOsvA2,94,@CNN
-0.8137,Sun Jul 29 10:30:10 +0000 2018,0.655,0.345,0,"""She doesn't want to let go."" A mourning orca mom carried her dead baby for days through the oceanâ€_ https://t.co/phYuyIdDUR",95,@CNN
0.2263,Sun Jul 29 10:01:00 +0000 2018,0.909,0,0.091,"After years of research, scientists have confirmed that liquid water exists on Mars. This could allow humans to furâ€_ https://t.co/wVyKvovsdM",96,@CNN
0,Sun Jul 29 10:00:08 +0000 2018,1,0,0,"2018 is on pace to be the fourth hottest year on record, according to data from the National Oceanic and Atmospheriâ€_ https://t.co/LohV1RgGv1",97,@CNN
0,Sun Jul 29 09:31:02 +0000 2018,1,0,0,These are the world's largest planes (and other flying things) https://t.co/LtoidZbkgD https://t.co/bOQTo9aicy,98,@CNN
0,Sun Jul 29 09:30:04 +0000 2018,1,0,0,"Women turned out in force in Pakistan's general election this week, shoving aside often decades of patriarchy and tâ€_ https://t.co/ljgLjaFJbC",99,@CNN
0.5766,Sun Jul 29 09:10:00 +0000 2018,0.828,0,0.172,"SWEET: On Saturday, eight-year-old Brecken Simmons set up a lemonade stand in his neighborhood in order to raise moâ€_ https://t.co/L1nQeFhazr",0,@FoxNews
0.34,Sun Jul 29 09:05:15 +0000 2018,0.821,0,0.179,"On @WattersWorld, former acting ICE Director Thomas Homan discussed border security. https://t.co/PjmJ9pDCtM",1,@FoxNews
0.2023,Sun Jul 29 09:00:01 +0000 2018,0.909,0,0.091,.@PMorici1: â€œThe government has gotten out of the way and let the American people solve their own problems.â€ù https://t.co/PXDgFz28Dv,2,@FoxNews
0.4019,Sun Jul 29 08:53:00 +0000 2018,0.803,0,0.197,Homeless man applying for McDonald's job lands position with cop's help https://t.co/G1TlVdMs9x,3,@FoxNews
0,Sun Jul 29 08:45:00 +0000 2018,1,0,0,".@JudgeJeanine: ""Americans elected the outsider businessman president. Why? To borrow a phrase from the man himselfâ€_ https://t.co/Gk7pmnJpHb",4,@FoxNews
0,Sun Jul 29 08:38:00 +0000 2018,1,0,0,An American flag is displayed during a mass reenlistment held by the 1st Battalion Army Reserve Counselor Divisionâ€_ https://t.co/p2OTdrqTK2,5,@FoxNews
-0.5106,Sun Jul 29 08:30:00 +0000 2018,0.704,0.206,0.09,".@dbongino: ""[@BarackObama is] one of the top five worst economic presidents  in American history."" @JudgeJeanine https://t.co/W7AwRfB5mF",6,@FoxNews
-0.7096,Sun Jul 29 08:23:00 +0000 2018,0.688,0.312,0,"Baby is 'all I have left,' father says after Michigan motel fire kills 6 family members https://t.co/LNFw4ykRvV",7,@FoxNews
0.2755,Sun Jul 29 08:15:00 +0000 2018,0.869,0,0.131,".@ChristopherHahn: ""[President @realDonaldTrump] didn't inherit a mess. The economy has been on an upward trajectorâ€_ https://t.co/Ag5Am3FlGC",8,@FoxNews
0.6808,Sun Jul 29 08:07:00 +0000 2018,0.699,0,0.301,"On @foxandfriends, GOP Senate hopeful @JohnJamesMI discussed his endorsement from President @realDonaldTrump and hiâ€_ https://t.co/ixQFmjMgG5",9,@FoxNews
0.34,Sun Jul 29 08:00:00 +0000 2018,0.671,0.122,0.207,".@Reince: â€œThe fundamentals of the Trump economy, that alone is a winning message.â€ù https://t.co/Mf1MItOBwF",10,@FoxNews
0.9158,Sun Jul 29 07:53:00 +0000 2018,0.539,0,0.461,PARACHUTE PARTY: A Seattle daredevil celebrated his 100th birthday the best way he knew how â€” by jumping from a plaâ€_ https://t.co/LnDyXo7eO7,11,@FoxNews
0.7269,Sun Jul 29 07:45:00 +0000 2018,0.757,0,0.243,".@hogangidley45: ""I've talked to some folks who served and their surviving loved ones and they told me this gives tâ€_ https://t.co/ekHCIJEEYT",12,@FoxNews
0,Sun Jul 29 07:38:00 +0000 2018,1,0,0,"An airplane passes in front of a nearly full moon above Tacoma, Wash. Thursday, July 26, 2018. https://t.co/HxOFc1CLLQ",13,@FoxNews
-0.1695,Sun Jul 29 07:30:00 +0000 2018,0.915,0.085,0,".@RepDeSantis on Rod Rosenstein: ""This has just not been adequate cooperation with the Congress. These are very impâ€_ https://t.co/86AZq6m4ub",14,@FoxNews
0,Sun Jul 29 07:23:00 +0000 2018,1,0,0,"Toddler's birthday at beach results in bacterial infections, mom says https://t.co/04ayBXtHOL",15,@FoxNews
0.2263,Sun Jul 29 07:15:00 +0000 2018,0.837,0.062,0.101,".@hogangidley45: ""This president has gone on the global stage and said other countries now have to pay their fair sâ€_ https://t.co/qPvywYNlIG",16,@FoxNews
0.2023,Sun Jul 29 07:08:00 +0000 2018,0.909,0,0.091,"On @foxandfriends, former @WhiteHouse chief of staff @Reince Priebus talked about the GOP's chances in the 2018 midâ€_ https://t.co/75vZkEq1Zu",17,@FoxNews
-0.296,Sun Jul 29 07:00:00 +0000 2018,0.916,0.084,0,"T.J. Rodgers: ""Guess what? You know, the guy came in. He said we have to lower taxes. We have to do this and that.â€_ https://t.co/5SQnzgU7ec",18,@FoxNews
0.8143,Sun Jul 29 06:53:00 +0000 2018,0.708,0,0.292,"ADORABLE: One man snapped this sweet shot of two lovebirds riding the New York subway, tweeting  â€œIf anyone recogniâ€_ https://t.co/LW8at4aogn",19,@FoxNews
-0.7698,Sun Jul 29 06:45:00 +0000 2018,0.661,0.339,0,Veterans Advocate on Return of Korean War Remains: 'I Couldn't Be More Proud' https://t.co/3mPxwhB9MC https://t.co/fIhOgW9kjw,20,@FoxNews
0.5267,Sun Jul 29 06:38:00 +0000 2018,0.673,0,0.327,Sanctuary cities ruling a setback for Justice Department https://t.co/0vfW2RRQef,21,@FoxNews
0.7269,Sun Jul 29 06:30:00 +0000 2018,0.711,0,0.289,".@DarrellIssa: ""We take for granted that @POTUS was going to make America great again financially."" #Cavuto https://t.co/X0TbijaZ7X",22,@FoxNews
0,Sun Jul 29 06:23:00 +0000 2018,1,0,0,"On ""Justice,"" @JudgeJeanine commented on President @realDonaldTrump's impact on the economy. https://t.co/cdGupfgJnL",23,@FoxNews
0.5859,Sun Jul 29 06:15:00 +0000 2018,0.817,0,0.183,".@RepTedYoho: ""It's amazing how many people are behind this president, including myself. He puts America first andâ€_ https://t.co/nfdglWZUcw",24,@FoxNews
0.6597,Sun Jul 29 06:07:00 +0000 2018,0.597,0,0.403,VIDEO: Neil Diamond performs 'Sweet Caroline' for Colorado firefighters https://t.co/ANAZqO269t,25,@FoxNews
0.3818,Sun Jul 29 06:00:01 +0000 2018,0.88,0,0.12,".@mercedesschlapp: ""We are in a historic moment in terms of our economic growth. I mean, this is the first time inâ€_ https://t.co/HzFCM6DBrW",26,@FoxNews
0,Sun Jul 29 05:53:00 +0000 2018,1,0,0,.@dallascowboys quarterback @dak Prescott weighed in on the national anthem controversy surrounding the @NFL.â€_ https://t.co/M3Wf966ybc,27,@FoxNews
0.5994,Sun Jul 29 05:45:00 +0000 2018,0.52,0.127,0.353,Joe Peters: â€œLaw enforcement has no better friend than President Trump.â€ù https://t.co/SiHdL4bksD,28,@FoxNews
0.3818,Sun Jul 29 05:38:00 +0000 2018,0.822,0,0.178,Mama duck with 76 ducklings on Minnesota lake captured in stunning photos https://t.co/b89OE9G7eO,29,@FoxNews
-0.2263,Sun Jul 29 05:30:00 +0000 2018,0.905,0.095,0,".@hogangidley45 on @POTUS' speech to steelworkers: ""I watched the tears stream down the faces of grown men...who toâ€_ https://t.co/fTZuemXCdj",30,@FoxNews
0,Sun Jul 29 05:23:00 +0000 2018,1,0,0,"A complete lunar eclipse can be seen in the sky over Marseille, France. This complete lunar eclipse is the longestâ€_ https://t.co/kTWCN2QTYx",31,@FoxNews
0.6666,Sun Jul 29 05:15:00 +0000 2018,0.757,0,0.243,"Thomas Homan: ""There's been nobody that has done more for border security and public safety than President Trump.""â€_ https://t.co/Hbi1Uazv26",32,@FoxNews
0.3549,Sun Jul 29 05:08:00 +0000 2018,0.784,0.076,0.14,The gang just as vicious as MS-13 but without the notoriety: Savage Trinitarios return to the spotlight after yearsâ€_ https://t.co/EEEuRSFubt,33,@FoxNews
0,Sun Jul 29 05:00:00 +0000 2018,1,0,0,.@mercedesschlapp: â€œFormer presidents have tried to bring these remains back and they have failed.â€ù https://t.co/0RlLLbLuL4,34,@FoxNews
-0.8658,Sun Jul 29 04:55:00 +0000 2018,0.607,0.393,0,"'My babies are dead': Mom, family mourn for 2 kids, great-grandmother killed by Carr Fire in Northern California https://t.co/BCQRVdbfWg",35,@FoxNews
0,Sun Jul 29 04:47:17 +0000 2018,1,0,0,"Drug dog Sombra has already sniffed her way to high-profile drug busts, finding stashes hidden in suitcases, boatsâ€_ https://t.co/TChAj7pcqN",36,@FoxNews
0.6908,Sun Jul 29 04:45:00 +0000 2018,0.769,0,0.231,"â€œIt gives you faith in humanity a little bit that there are good kids out there."" Some Colorado kids took a breakâ€_ https://t.co/U7Xysxegvo",37,@FoxNews
0,Sun Jul 29 04:38:00 +0000 2018,1,0,0,"On @foxandfriendsâ€‹, @dbonginoâ€‹ outlined some ""new rules"" for how we should talk about the economy now thatâ€_ https://t.co/F1nFzvEVhX",38,@FoxNews
0,Sun Jul 29 04:30:00 +0000 2018,1,0,0,".@dbongino: ""We don't owe you a dime more, Captain Federal Government, not a dime."" https://t.co/OxfDfq1VwF",39,@FoxNews
0,Sun Jul 29 04:23:00 +0000 2018,1,0,0,"Indonesia earthquake results in multiple deaths, injuries https://t.co/zyHpTqezZL",40,@FoxNews
-0.4522,Sun Jul 29 04:15:00 +0000 2018,0.844,0.156,0,".@charliekirk11: ""If socialist professors really believe the nonsense that they, you know, profess, why don't theyâ€_ https://t.co/fRxkUes9PS",41,@FoxNews
-0.6808,Sun Jul 29 04:08:00 +0000 2018,0.633,0.26,0.107,Korean War veterans salute as a member of an honor guard presents the American flag at the Korean War memorial at Bâ€_ https://t.co/MYIML7GMEg,42,@FoxNews
0.6808,Sun Jul 29 04:01:00 +0000 2018,0.781,0,0.219,UPDATE: A homeless man in Florida who was trying to get a job has been hired by @McDonalds - thanks to the help ofâ€_ https://t.co/fncN2DW6BC,43,@FoxNews
-0.4215,Sun Jul 29 03:54:25 +0000 2018,0.385,0.357,0.258,Boy battling cancer granted wish to be firefighter for a day https://t.co/7WQRL5YcBR,44,@FoxNews
0,Sun Jul 29 03:41:57 +0000 2018,1,0,0,"Rep. John Lewis hospitalized, under 'routine observation' https://t.co/sP9hRyMREF",45,@FoxNews
-0.25,Sun Jul 29 03:29:26 +0000 2018,0.9,0.1,0,Families with young children protest the separation of immigrant families with a sit-in at the Hart Senate Office Bâ€_ https://t.co/1z40W9TSrB,46,@FoxNews
0,Sun Jul 29 03:26:37 +0000 2018,1,0,0,".@JudgeJeanine: ""Americans elected the outsider businessman president. Why? To borrow a phrase from the man himselfâ€_ https://t.co/nNEIAUn1BJ",47,@FoxNews
-0.3182,Sun Jul 29 03:25:59 +0000 2018,0.813,0.187,0,"Judge indicates Stormy Daniels' lawyer, Avenatti, unlikely to be gagged https://t.co/Y7KRPzMlsA",48,@FoxNews
0,Sun Jul 29 03:12:59 +0000 2018,1,0,0,"Duck boat capsized amid fast-changing conditions on Missouri lake, NTSB says https://t.co/nqXeVxFGpm",49,@FoxNews
0.5423,Sun Jul 29 02:54:46 +0000 2018,0.821,0,0.179,".@POTUS will posthumously award the #MedalofHonor to Tech Sgt. John Chapman, the @WhiteHouse announced Friday. Sgt.â€_ https://t.co/A3q4m3ODm9",50,@FoxNews
-0.1027,Sun Jul 29 02:45:26 +0000 2018,0.915,0.085,0,San Francisco train conductor reportedly warns riders to watch 'for needles' amid 'needle litter' epidemic. https://t.co/njhZ7OfitZ,51,@FoxNews
-0.6705,Sun Jul 29 02:36:30 +0000 2018,0.667,0.333,0,Officers killed in the line of duty in 2018 https://t.co/NpTaRDRbVM,52,@FoxNews
0,Sun Jul 29 02:26:04 +0000 2018,1,0,0,"Mueller, Trump Jr. photographed waiting in same DC airport terminal https://t.co/m4lL2RuG9Y",53,@FoxNews
-0.5994,Sun Jul 29 02:17:35 +0000 2018,0.782,0.218,0,"OPINION: @AndyPuzder: China started the trade war, Trump is just trying to end it https://t.co/20kdeqXQkR",54,@FoxNews
0.6486,Sun Jul 29 02:09:33 +0000 2018,0.654,0,0.346,Obama administration approved $200G grant to group with Al Qaeda ties https://t.co/BTXVxibbBT,55,@FoxNews
-0.3182,Sun Jul 29 01:57:45 +0000 2018,0.839,0.161,0,"Lawmakers struggle to decode Trump's 'secret' to deal with Russia, North Korea https://t.co/B16umXIepR",56,@FoxNews
-0.2263,Sun Jul 29 01:43:03 +0000 2018,0.905,0.095,0,".@hogangidley45 on @POTUS' speech to steelworkers: ""I watched the tears stream down the faces of grown men...who toâ€_ https://t.co/YhtjzvJox0",57,@FoxNews
0.624,Sun Jul 29 01:35:00 +0000 2018,0.843,0,0.157,"â€œMy wife and I are deeply moved and deeply honored to be able to be there when we bring our boys home.â€ùSUNDAY:â€_ https://t.co/hi08AwXlUT",58,@FoxNews
-0.34,Sun Jul 29 01:28:13 +0000 2018,0.789,0.211,0,Giuliani says experts think 'someone messed' with Cohen tape https://t.co/kqYzzUV1g8,59,@FoxNews
-0.4019,Sun Jul 29 01:13:19 +0000 2018,0.803,0.197,0,"Florida police officer dies after being injured in shooting, police say https://t.co/IrqEDu5OVm",60,@FoxNews
-0.6858,Sun Jul 29 00:59:59 +0000 2018,0.575,0.425,0,"Superintendent accused of public defecation resigns, but continues to fight allegations https://t.co/8mkugNyBzk",61,@FoxNews
-0.7698,Sun Jul 29 00:54:00 +0000 2018,0.661,0.339,0,Veterans Advocate on Return of Korean War Remains: 'I Couldn't Be More Proud' https://t.co/3mPxwhjyo2 https://t.co/P7jSEALYuH,62,@FoxNews
0.4019,Sun Jul 29 00:49:25 +0000 2018,0.803,0,0.197,Homeless man applying for McDonald's job lands position with cop's help https://t.co/G1TlVduRhZ,63,@FoxNews
0.7184,Sun Jul 29 00:40:33 +0000 2018,0.6,0,0.4,Strong economic numbers give Republicans a much-needed boost ahead of midterms https://t.co/w8wdMMjUNp,64,@FoxNews
0,Sun Jul 29 00:37:18 +0000 2018,1,0,0,"Two Massachusetts police officers shot while investigating 'disturbance,' authorities say https://t.co/XNJ7Gr2UKa",65,@FoxNews
0.6666,Sun Jul 29 00:32:12 +0000 2018,0.757,0,0.243,"Thomas Homan: ""There's been nobody that has done more for border security and public safety than President Trump.""â€_ https://t.co/sfHazO8kMr",66,@FoxNews
0,Sun Jul 29 00:27:23 +0000 2018,1,0,0,Boy with deformed legs undergoes life-changing surgery at Tebow CURE Hospital https://t.co/uVBbJFPemZ,67,@FoxNews
0.1139,Sun Jul 29 00:24:00 +0000 2018,0.907,0,0.093,"SUNDAY: Don't miss Rudy Giuliani, President @realDonaldTrump's attorney, on @FoxNewsSunday. Check your local listinâ€_ https://t.co/kJoiJFypkQ",68,@FoxNews
-0.4522,Sun Jul 29 00:21:30 +0000 2018,0.844,0.156,0,".@charliekirk11: ""If socialist professors really believe the nonsense that they, you know, profess, why don't theyâ€_ https://t.co/BLLAQCiQJ2",69,@FoxNews
0.9158,Sun Jul 29 00:12:15 +0000 2018,0.539,0,0.461,PARACHUTE PARTY: A Seattle daredevil celebrated his 100th birthday the best way he knew how â€” by jumping from a plaâ€_ https://t.co/UBM41bZBgq,70,@FoxNews
-0.2263,Sat Jul 28 23:55:55 +0000 2018,0.808,0.192,0,Colorado bear reportedly tears apart man's truck interior https://t.co/aAboHLMZvy,71,@FoxNews
0.6705,Sat Jul 28 23:47:03 +0000 2018,0.766,0,0.234,".@Jim_Jordan: ""When we formed [the House Freedom Caucus] three years ago, we talk about the countless number of Ameâ€_ https://t.co/rtigcsar2S",72,@FoxNews
-0.4404,Sat Jul 28 23:33:45 +0000 2018,0.873,0.127,0,"RT @FoxNewsResearch: ""States"" of Unemployment â†’ June 2018â€”Unemployment Rateâ€”â€¢High: AK (7.1%), WV (5.3%), NM (4.9%)â€¢Low: HI (2.1%), ND (â€_",73,@FoxNews
0.2023,Sat Jul 28 23:33:05 +0000 2018,0.904,0,0.096,"RT @FoxNewsResearch: Top 15 Economies- population since 2000_Ÿ‡º_Ÿ‡¸+13.8%_Ÿ‡¨_Ÿ‡_+7.1%_Ÿ‡¯_Ÿ‡µ-0.8%_Ÿ‡©_Ÿ‡ª-1.2%_Ÿ‡¬_Ÿ‡§+9.2%_Ÿ‡®_Ÿ‡_+23.1%_Ÿ‡«_Ÿ‡·+9%_Ÿ‡§_Ÿ‡·+15.9%_Ÿ‡®_Ÿ‡_+6.5%_Ÿ‡¨_Ÿ‡_+â€_",74,@FoxNews
0,Sat Jul 28 23:27:54 +0000 2018,1,0,0,Two major wildfires in California have prompted evacuations; @Jeff_Journalist reports. #FoxReportâ€_ https://t.co/JLZWKA6ArG,75,@FoxNews
0,Sat Jul 28 23:16:12 +0000 2018,1,0,0,".@michaelscherer on GDP report: ""Republican candidates who are facing really daunting odds in a lot of these Houseâ€_ https://t.co/utAUYYn4J6",76,@FoxNews
-0.1779,Sat Jul 28 23:10:20 +0000 2018,0.892,0.108,0,President @realDonaldTrump is touting the 4.1 percent GDP report amid several controversies; @ellisonbarber reportsâ€_ https://t.co/1CpKika37w,77,@FoxNews
0.3182,Sat Jul 28 23:05:00 +0000 2018,0.798,0,0.202,SUNDAY: Treasury Secretary @stevenmnuchin1 sits down with Chris Wallace for an exclusive interview onâ€_ https://t.co/yHgOP6agXx,78,@FoxNews
0.25,Sat Jul 28 23:00:33 +0000 2018,0.812,0,0.188,'Homecoming' star Julia Roberts opens up about 'mental challenge' of filming new Amazon series https://t.co/h5PyJS9iI3,79,@FoxNews
0.7184,Sat Jul 28 22:50:00 +0000 2018,0.739,0,0.261,The Supreme Court nomination of Brett Kavanaugh is expected to play a major role in the Indiana Senate race;â€_ https://t.co/gK8TKagngp,80,@FoxNews
-0.3612,Sat Jul 28 22:36:19 +0000 2018,0.894,0.106,0,"Colorado man spits on officer, strikes him with car after ticket for leaving dogs in hot car as he ate: report https://t.co/454AuUN7oZ",81,@FoxNews
0,Sat Jul 28 22:21:07 +0000 2018,1,0,0,Name given to North Carolina's baby white rhino https://t.co/AkBJHp2Ptq,82,@FoxNews
0.2263,Sat Jul 28 22:15:12 +0000 2018,0.853,0,0.147,"Marijuana worth roughly $12M seized from chicken farm, Georgia authorities say https://t.co/5HwHsKYq8W",83,@FoxNews
-0.6249,Sat Jul 28 22:07:00 +0000 2018,0.611,0.389,0,Baltimore man charged with sexually assaulting seatmate on airplane https://t.co/ifyANP93cI,84,@FoxNews
-0.8555,Sat Jul 28 22:00:16 +0000 2018,0.598,0.402,0,Autistic woman was allegedly caged and forced to eat her dead mother's ashes; 5 face federal charges https://t.co/ZbRDd5Amli,85,@FoxNews
0,Sat Jul 28 21:56:00 +0000 2018,1,0,0,SUNDAY: Go inside the home of @Jeopardy TV Legend Alex Trebek with @HarveyLevinTMZ - 8p ET on Fox News Channel! https://t.co/j7WjOXyusr,86,@FoxNews
0,Sat Jul 28 21:53:49 +0000 2018,1,0,0,"Lt. Col. James Reese on NK releasing possible remains of Americans:  ""One of the things we as a nation have to do iâ€_ https://t.co/HjmujiYEyz",87,@FoxNews
0,Sat Jul 28 21:47:25 +0000 2018,1,0,0,.@VP will travel to Hawaii for a repatriation ceremony next week; @BryanLlenas reports. https://t.co/KbE1fZNDFL https://t.co/RiCL0kdDiH,88,@FoxNews
0.2732,Sat Jul 28 21:42:00 +0000 2018,0.909,0,0.091,OPINION: Americans still believe in God. So why do so many of us see church as just optional rental car insurance? https://t.co/xRrFrKzaKW,89,@FoxNews
0,Sat Jul 28 21:41:12 +0000 2018,1,0,0,".@Garrett_FoxNews: ""The key here is that DHS said it's reunified every eligible parent with their children. 711 kidâ€_ https://t.co/8CBwMHozva",90,@FoxNews
0.765,Sat Jul 28 21:35:00 +0000 2018,0.732,0,0.268,"â€œWe remain confident that before the fall is out that Judge Brett Kavanaugh will be Justice Brett Kavanaugh.â€ùSUNDâ€_ https://t.co/dKgikRo6or",91,@FoxNews
0,Sat Jul 28 21:33:02 +0000 2018,1,0,0,Two major wildfires in California have prompted evacuations; @Jeff_Journalist reports. https://t.co/dIs4EhLcqO https://t.co/LZSS37gKnw,92,@FoxNews
0.3818,Sat Jul 28 21:27:43 +0000 2018,0.748,0.065,0.187,".@MrJoshuaRogers: You're going through something hard -- you may be surprised to learn where God is right nowhttps://t.co/KNnKEdmHhy",93,@FoxNews
0,Sat Jul 28 21:26:59 +0000 2018,1,0,0,An American flag is displayed during a mass reenlistment held by the 1st Battalion Army Reserve Counselor Divisionâ€_ https://t.co/LMV6vSPQnW,94,@FoxNews
0.4215,Sat Jul 28 21:20:26 +0000 2018,0.843,0,0.157,".@GillianHTurner: ""Michael Cohen, President Trump's longtime lawyer, is now claiming his boss approved the infamousâ€_ https://t.co/gW9zVu52Lo",95,@FoxNews
-0.4404,Sat Jul 28 21:20:26 +0000 2018,0.597,0.274,0.129,.@kayleighmcenany: Democrats' love of socialism is a losing strategy â€“ but they foolishly follow it anywayâ€_ https://t.co/JqK838XYAF,96,@FoxNews
-0.7184,Sat Jul 28 21:17:32 +0000 2018,0.6,0.4,0,"Carr Fire in California destroys more than 80,000 acres: officials https://t.co/wzPffaEH55",97,@FoxNews
-0.296,Sat Jul 28 21:15:00 +0000 2018,0.901,0.099,0,Betty White reveals she has no plans to retire at age 96: 'I'm going to be in the saddle forever' https://t.co/jsCOyIRGOs,98,@FoxNews
0.0772,Sat Jul 28 21:10:17 +0000 2018,0.939,0,0.061,".@esaagar: ""The GDP number is something that the president and this White House are gonna be riding on probably forâ€_ https://t.co/e6y6gFnAz8",99,@FoxNews
0.2023,Sat Jul 28 21:02:02 +0000 2018,0.927,0,0.073,"RT @NYTScience: The lunar eclipse on Friday captivated people around the world, but in ancient times a moon tinged deep red was the last thâ€_",0,@NYTimes
-0.0258,Sat Jul 28 20:52:05 +0000 2018,0.788,0.108,0.103,"Pope Francis accepted the resignation of Cardinal Theodore McCarrick, a former U.S. archbishop who is at the centerâ€_ https://t.co/5Cg1xpsoII",1,@NYTimes
0.6115,Sat Jul 28 20:42:04 +0000 2018,0.8,0,0.2,"""Until I was 35, the most significant relationship Iâ€™d had as an adult was with an iguana.It wasnâ€™t easy to meetâ€_ https://t.co/e41fsOnk9y",2,@NYTimes
0.4215,Sat Jul 28 20:32:05 +0000 2018,0.887,0,0.113,RT @nytimesworld: â€œThere has been an abdicationâ€ù of leadership by the United States in Latin America. And China has stepped in with a far-râ€_,3,@NYTimes
-0.4019,Sat Jul 28 20:22:06 +0000 2018,0.856,0.144,0,"In @nytopinion,Op-Ed columnist @FrankBruni writes: ""There are problems with impeaching Donald Trump. A big one isâ€_ https://t.co/wshwJu50dV",4,@NYTimes
0,Sat Jul 28 20:13:33 +0000 2018,1,0,0,"RT @migold: This is a story about 2 transgender people who joined OkCupid and expected nothing. Now they're married. https://t.co/TUG3K1sâ€_",5,@NYTimes
0.3612,Sat Jul 28 20:12:01 +0000 2018,0.878,0,0.122,"He pulled off what looked like an unprecedented move on a surfboard. Soon after, the royalty of surfing, skateboardâ€_ https://t.co/RaYcXeUCD5",6,@NYTimes
0,Sat Jul 28 20:02:06 +0000 2018,1,0,0,"With Goop, Gwyneth Paltrow just wanted you to have what she had: the $795 G. Label trench coat and the $1,505 Betonâ€_ https://t.co/LEQAv7UtO4",7,@NYTimes
-0.7845,Sat Jul 28 19:52:03 +0000 2018,0.723,0.277,0,A woman and 5 of her children were killed in a fire at a motel in Michigan. Her husband and 1-year-old daughter surâ€_ https://t.co/l8L9dGGOMI,8,@NYTimes
0,Sat Jul 28 19:42:05 +0000 2018,1,0,0,"American diplomats held face-to-face talks with Taliban representatives last week, Taliban officials said. It wouldâ€_ https://t.co/aYaoBJ1ycL",9,@NYTimes
0,Sat Jul 28 19:32:03 +0000 2018,1,0,0,The race to be Georgia's next governor has come to mirror the disorienting polarization of the Trump era https://t.co/dbqdarRXNc,10,@NYTimes
-0.802,Sat Jul 28 19:28:29 +0000 2018,0.69,0.31,0,"Carrie Fisher, who died in 2016, will appear in ""Star Wars: Episode IX"" using previously recorded footage https://t.co/3UOEvHOUDC",11,@NYTimes
-0.6705,Sat Jul 28 19:12:05 +0000 2018,0.816,0.184,0,"RT @MichaelPaulson: For more than two decades, Jeff Loeffelholz was an understudy at ""Chicago."" Then he killed himself. Now the productionâ€_",12,@NYTimes
-0.1926,Sat Jul 28 19:02:03 +0000 2018,0.915,0.085,0,Would you pay $1 billion for this view? And the 157 acres of land that come with it? https://t.co/s4JTHWNmoG https://t.co/q5CzUU0xDS,13,@NYTimes
0.4588,Sat Jul 28 18:52:05 +0000 2018,0.697,0.09,0.213,Ivanka Trump and Jared Kushner outlasted their critics and secured their White House roles. Now they're ready to stâ€_ https://t.co/NTaohB0NFE,14,@NYTimes
0,Sat Jul 28 18:42:07 +0000 2018,1,0,0,"Beautycon (described as Sephora meets Coachella) is not unlike a theme park, with hourslong lines, expensive food aâ€_ https://t.co/hg9hYKTcY6",15,@NYTimes
-0.5106,Sat Jul 28 18:34:00 +0000 2018,0.815,0.185,0,"A dam collapsed in Laos and led to the deaths of dozens, with many still missing. Our correspondent traveled to Laoâ€_ https://t.co/AwDE6R5sw0",16,@NYTimes
-0.8126,Sat Jul 28 18:27:56 +0000 2018,0.519,0.481,0,"Extremists attacked a school for midwives in Afghanistan, killing 2 people https://t.co/3U7wTNVCkZ",17,@NYTimes
0,Sat Jul 28 18:12:01 +0000 2018,1,0,0,"He was Dow Chemical's ""dioxin lawyer."" Now he's President Trump's pick to run the EPA's Superfund toxic cleanup proâ€_ https://t.co/LPDNIlr9gc",18,@NYTimes
-0.5106,Sat Jul 28 18:02:05 +0000 2018,0.852,0.148,0,A Turkish educator in Mongolia was briefly abducted on Friday. It appeared to be the latest episode of a global camâ€_ https://t.co/ckI8SUEEd2,19,@NYTimes
0,Sat Jul 28 17:52:05 +0000 2018,1,0,0,"Meet the Caramel Curves, New Orleansâ€™s all-female motorcycle club. With stilettos and magenta-hued burnouts, they'râ€_ https://t.co/KzI9CWIkoC",20,@NYTimes
0,Sat Jul 28 17:42:05 +0000 2018,1,0,0,New Hampshire is 94% white. It is now trying to figure out how to change that. https://t.co/aVB7YkkKFD,21,@NYTimes
-0.5267,Sat Jul 28 17:32:02 +0000 2018,0.82,0.18,0,"A woman in Spain went into hiding to avoid handing her children over to a man convicted of hitting her. Now, she isâ€_ https://t.co/I7pMY30145",22,@NYTimes
0,Sat Jul 28 17:27:00 +0000 2018,1,0,0,"Since 2012, according to officials, there has not been a month in California without a wildfire burning â€” a stark câ€_ https://t.co/w7eUsu2M8N",23,@NYTimes
0,Sat Jul 28 17:22:05 +0000 2018,1,0,0,More women deserve statues in New York. Here are 10. https://t.co/eIwy7Cwv2G https://t.co/78hIIw7YG8,24,@NYTimes
0,Sat Jul 28 17:12:05 +0000 2018,1,0,0,The Trump administration is pushing Afghan commanders to surrender rural and sparsely populated areas of the countrâ€_ https://t.co/RgFLE94P6o,25,@NYTimes
-0.5994,Sat Jul 28 17:02:06 +0000 2018,0.538,0.283,0.179,"â€œIt wasnâ€™t â€˜Iâ€™m racist and I want to glorify slavery,â€™â€ù one Civil War re-enactor said. â€œNobody really thought a lotâ€_ https://t.co/hdIgCrX5kC",26,@NYTimes
-0.4767,Sat Jul 28 16:52:03 +0000 2018,0.838,0.162,0,"They disappointed people who thought they'd be a moderating influence.They faced news stories about their unpopulaâ€_ https://t.co/X2QzqXzL38",27,@NYTimes
0.1901,Sat Jul 28 16:48:39 +0000 2018,0.935,0,0.065,"RT @maggieNYT: â€œBoth husband and wife, like Mr. Trump, are said to hang on to grudges, but Mr. Kushner is far more transactional than his wâ€_",28,@NYTimes
0,Sat Jul 28 16:42:04 +0000 2018,1,0,0,RT @nytimesworld: A space station built by the Chinese military in Argentina raises concerns that the base could enhance Chinaâ€™s intelligenâ€_,29,@NYTimes
0.0516,Sat Jul 28 16:32:04 +0000 2018,0.76,0.116,0.124,"RT @nathanielpopper: Sex scandal toppled a Silicon Valley chief. Investors say, so what? The story of Mike Cagney and his loyal investors.â€_",30,@NYTimes
0,Sat Jul 28 16:12:07 +0000 2018,1,0,0,"Kenya Barris, the creator of ""black-ish,"" is parting ways with ABC Studios 3 years before his contract was set to eâ€_ https://t.co/rw410pxNGJ",31,@NYTimes
0,Sat Jul 28 16:02:02 +0000 2018,1,0,0,He ate a meat pie with a knife and fork. Some Australians were scandalized. https://t.co/UlOFTh8WaY,32,@NYTimes
0.3612,Sat Jul 28 15:52:07 +0000 2018,0.857,0,0.143,"Kristina Jackson, a 22-year-old African-American truck driver: â€œPeople say to me, â€˜You donâ€™t look like a trucker.â€™â€_ https://t.co/LBGRDFI2PJ",33,@NYTimes
-0.1027,Sat Jul 28 15:42:04 +0000 2018,0.924,0.076,0,South Korea is a country that has long worked too hard. Its leaders are trying to change that. https://t.co/A6Kg1LWsPY,34,@NYTimes
0,Sat Jul 28 15:32:05 +0000 2018,1,0,0,"The race between Stacey Abrams and Brian Kemp will, regardless of outcome, determine what Georgia represents and hoâ€_ https://t.co/C02zlgcbmk",35,@NYTimes
0,Sat Jul 28 15:22:04 +0000 2018,1,0,0,The 12 new songs you need to hear this week https://t.co/tIfXbNQpeF,36,@NYTimes
-0.1531,Sat Jul 28 15:12:06 +0000 2018,0.926,0.074,0,"â€œThe official told me, â€˜Sign here, and you will be deported together.â€™ They tricked me."" Now, he said, â€œWhenever weâ€_ https://t.co/UZ6MIHhqGP",37,@NYTimes
-0.9062,Sat Jul 28 15:02:02 +0000 2018,0.594,0.406,0,"When police in India arrested 17 men accused of assaulting the girl, there was a wave of public fury. Then the narrâ€_ https://t.co/3Enws3k5kW",38,@NYTimes
0,Sat Jul 28 14:52:04 +0000 2018,1,0,0,Robert Mueller and Donald Trump Jr. haven't met for an interview yet. But they crossed paths at the airport. https://t.co/mOIqW8BXJs,39,@NYTimes
0,Sat Jul 28 14:42:01 +0000 2018,1,0,0,"RT @nytopinion: The day my parents took their oath of citizenship, one of my sixth-grade classmates showed up on our doorstep with her granâ€_",40,@NYTimes
0.4215,Sat Jul 28 14:32:06 +0000 2018,0.882,0,0.118,"For much of the past decade, the United States has paid little attention to its backyard in Latin America. All theâ€_ https://t.co/4ntnzWGh75",41,@NYTimes
-0.2411,Sat Jul 28 14:22:02 +0000 2018,0.859,0.141,0,Not sure what to do in NYC this weekend? Weâ€™ve got you. https://t.co/ICjptaaIAp,42,@NYTimes
-0.5423,Sat Jul 28 14:17:01 +0000 2018,0.844,0.156,0,"CBS says it will investigate its CEO, Les Moonves, after allegations of sexual harassment made against him by 6 womâ€_ https://t.co/LPTj8JfiL5",43,@NYTimes
-0.5994,Sat Jul 28 14:12:05 +0000 2018,0.822,0.178,0,"After 3 people were shot to death at a Texas nursing home, 2 more bodies were discovered at a nearby residence. Offâ€_ https://t.co/MeKEiS0YmG",44,@NYTimes
0.6258,Sat Jul 28 14:02:02 +0000 2018,0.574,0.115,0.311,"This is a recipe to win the dinner party sweepstakes, and at very low stakes https://t.co/vgrrLsQA9Q",45,@NYTimes
-0.6249,Sat Jul 28 14:00:27 +0000 2018,0.683,0.317,0,British Lawmakers Accuse Facebook of Failing to Aid Inquiry Into â€˜Fake Newsâ€™ https://t.co/CXYlsFbNw1,46,@NYTimes
-0.296,Sat Jul 28 13:52:00 +0000 2018,0.872,0.128,0,British lawmakers have accused Facebook of providing â€œdisingenuous answersâ€ù  to questions related to Russiaâ€™s exploâ€_ https://t.co/zLvZtSrKqC,47,@NYTimes
0.4939,Sat Jul 28 13:42:05 +0000 2018,0.781,0,0.219,It's not your just imagination: Netflix is stockpiling original programming. Here are 9 things worth checking out. https://t.co/eNhFCa0qpX,48,@NYTimes
0.34,Sat Jul 28 13:21:19 +0000 2018,0.745,0,0.255,Trump Endorses Candidates in Three More Races https://t.co/dlOCzfUEgz,49,@NYTimes
0.2755,Sat Jul 28 13:21:05 +0000 2018,0.839,0,0.161,"They didn't have children and, most said, they don't have regrets  https://t.co/zTCYZVNrad",50,@NYTimes
-0.802,Sat Jul 28 13:03:01 +0000 2018,0.745,0.255,0,"Her dead calf resting on her nose, an orca whale has swum in mourning for more than 3 days in the Pacific Northwestâ€_ https://t.co/2z22o3FeYr",51,@NYTimes
-0.5267,Sat Jul 28 12:42:03 +0000 2018,0.861,0.139,0,"In Opinion Kim Brooks writes, ""We now live in a country where it is seen as abnormal, or even criminal, to allowâ€_ https://t.co/gTrNypIBUJ",52,@NYTimes
0.5719,Sat Jul 28 12:22:06 +0000 2018,0.709,0,0.291,Here are 5 delicious recipes for a school (or work) night https://t.co/9Zer4nWxrH,53,@NYTimes
0.4019,Sat Jul 28 12:02:05 +0000 2018,0.881,0,0.119,Millions of smart TVs in American homes are tracking everything you watch for the sake of advertisers. If that doesâ€_ https://t.co/ja3rwBn3ZV,54,@NYTimes
-0.3182,Sat Jul 28 11:41:03 +0000 2018,0.827,0.173,0,"When we eat, or donâ€™t eat, may be critical for healthhttps://t.co/LcKEhCeXDS",55,@NYTimes
-0.0258,Sat Jul 28 11:32:40 +0000 2018,0.777,0.114,0.109,"Breaking: Pope Francis accepted the resignation of Cardinal Theodore McCarrick, a former U.S. archbishop who is atâ€_ https://t.co/cnKlZLEZzH",56,@NYTimes
-0.7906,Sat Jul 28 11:31:49 +0000 2018,0.437,0.451,0.112,Pope Accepts Resignation of U.S. Cardinal at Center of Sexual Abuse Scandal https://t.co/h0wzR42wdn,57,@NYTimes
-0.8294,Sat Jul 28 11:21:06 +0000 2018,0.721,0.279,0,It's called dark money for a reason: It's hard to trace. But millions of it were spent to kill the Affordable Careâ€_ https://t.co/yCj97BwuTZ,58,@NYTimes
0.4588,Sat Jul 28 11:02:02 +0000 2018,0.864,0,0.136,Whether Democrats can continue to excel among the most affluent voters is one of the biggest questions heading intoâ€_ https://t.co/xXEq5FlMl8,59,@NYTimes
0.4767,Sat Jul 28 10:32:05 +0000 2018,0.86,0,0.14,RT @nytpolitics: Intelligence officials said they have seen little activity by Russian military hackers aimed at either major American poliâ€_,60,@NYTimes
0.836,Sat Jul 28 10:21:43 +0000 2018,0.574,0,0.426,"Criticâ€™s Notebook: Which Show Is Good, Clean Fun: â€˜Rocky Horrorâ€™ or â€˜The Music Manâ€™? https://t.co/bGVyKG9Nqq",61,@NYTimes
-0.25,Sat Jul 28 10:19:12 +0000 2018,0.833,0.167,0,"â€˜What Does a Trucker Look Like?â€™ Itâ€™s Changing, Amid a Big Shortage https://t.co/bZHMi2D6VG",62,@NYTimes
0,Sat Jul 28 10:03:02 +0000 2018,1,0,0,The EU has decided that gene-edited crops have to be as tightly regulated as GMO foods. We explain the difference. https://t.co/bOiVz53Pqa,63,@NYTimes
-0.4404,Sat Jul 28 10:01:57 +0000 2018,0.805,0.195,0,Act of Defiance Casts Harsh Light on Europeâ€™s Deportations of Asylum Seekers https://t.co/TeaqgRJNXt,64,@NYTimes
-0.7783,Sat Jul 28 09:39:13 +0000 2018,0.669,0.28,0.051,"If you want a dashboard for evidence of economic damage from the trade war, hereâ€™s what should be on it https://t.co/yKFBnkZ2C5",65,@NYTimes
0.3612,Sat Jul 28 09:20:16 +0000 2018,0.8,0,0.2,You should never skip the opening credits. @poniewozik explains why.  https://t.co/8EQcKoG2oV,66,@NYTimes
0.5106,Sat Jul 28 09:02:03 +0000 2018,0.752,0,0.248,Roast a chicken and you know you have a comfortable meal https://t.co/Z0hCdRubib https://t.co/oRXWzpZIq9,67,@NYTimes
0.3804,Sat Jul 28 08:50:07 +0000 2018,0.776,0,0.224,Phys Ed: Exercise Makes the Aging Heart More Youthful https://t.co/q2UnB04RwK,68,@NYTimes
0,Sat Jul 28 08:46:00 +0000 2018,1,0,0,"She was Salvador DalÃ_'s wife, muse, model and publicist. But as a new exhibition in Barcelona shows, there was so mâ€_ https://t.co/MNEGzPChMO",69,@NYTimes
0,Sat Jul 28 08:27:36 +0000 2018,1,0,0,How did Dr. Seuss come up with the Lorax? https://t.co/BEX2JAnf0b,70,@NYTimes
-0.1779,Sat Jul 28 08:08:46 +0000 2018,0.807,0.112,0.081,"A soccer ball hit his head. He thought he was fine. Then thinking, talking, reading and writing became difficult. Dâ€_ https://t.co/J1pWcta3F3",71,@NYTimes
-0.296,Sat Jul 28 07:50:09 +0000 2018,0.905,0.095,0,New Zealand accused Australia this week of copying its national flag. Take the quiz and see if you can identify theâ€_ https://t.co/Kve5So31ix,72,@NYTimes
-0.2382,Sat Jul 28 07:32:03 +0000 2018,0.907,0.093,0,"RT @nytimesworld: France has a painful history of anti-Semitism. But in recent months, an impassioned and complicated debate has burst intoâ€_",73,@NYTimes
0,Sat Jul 28 07:05:23 +0000 2018,1,0,0,The $3 billion plan to turn Hoover Dam into a giant battery https://t.co/1xTlBJY2eA,74,@NYTimes
-0.6249,Sat Jul 28 06:46:49 +0000 2018,0.573,0.344,0.083,Woman Gets Five-Year Prison Sentence on Charges of Abducting Her Children https://t.co/xxFeQ2VrA2,75,@NYTimes
0.3818,Sat Jul 28 06:44:09 +0000 2018,0.833,0,0.167,"""The approaches by Truman and Trump are representative of a larger truth: If you want to know what a president beliâ€_ https://t.co/PoEWV0mqiI",76,@NYTimes
-0.5994,Sat Jul 28 06:26:13 +0000 2018,0.618,0.28,0.102,"Over four years, thousands of victims in the United States lost ""hundreds of millions"" of dollars to a fake IRS phoâ€_ https://t.co/9OzFzblhUx",77,@NYTimes
0.8617,Sat Jul 28 06:08:10 +0000 2018,0.483,0,0.517,How one great song can totally transform a love scene https://t.co/c5kQ6I6Qrj,78,@NYTimes
-0.4895,Sat Jul 28 05:50:28 +0000 2018,0.742,0.258,0,Paleontologists once thought these dinosaurs did not reach East Asia. They were wrong. https://t.co/FlwWeCE0Pa,79,@NYTimes
-0.5994,Sat Jul 28 05:32:03 +0000 2018,0.843,0.157,0,"RT @nytopinion: Around 400 World War II veterans are dying a day, meaning that sometime within this generation, all will be deceased. Whenâ€_",80,@NYTimes
0.128,Sat Jul 28 05:02:24 +0000 2018,0.786,0.096,0.118,Trump has long wielded Twitter as a weapon. Now the special counsel is investigating his tweets as part of a broadâ€_ https://t.co/1gO09Tc5Pu,81,@NYTimes
0,Sat Jul 28 04:44:39 +0000 2018,1,0,0,"For many women, particularly those involved in cycling, the ""podium girls"" routine at the Tour de France seems outâ€_ https://t.co/jggVkNdkLQ",82,@NYTimes
-0.8689,Sat Jul 28 04:26:40 +0000 2018,0.532,0.468,0,Five Are Dead in Killings Tied to Texas Nursing Home Shooting https://t.co/DRGiVB1PZL,83,@NYTimes
0.6369,Sat Jul 28 04:21:05 +0000 2018,0.819,0,0.181,"RT @nytimesvows: Joseph Schneier and Allie Brashears, a transgender couple from New York, found love after posting profiles on @okcupid, thâ€_",84,@NYTimes
-0.2411,Sat Jul 28 03:58:06 +0000 2018,0.859,0.141,0,Not sure what to do in NYC this weekend? Weâ€™ve got you. https://t.co/EGig8KW6yh,85,@NYTimes
0,Sat Jul 28 03:40:23 +0000 2018,1,0,0,The Fix: Landscaping for the Not-So-Green Thumb https://t.co/IjBRx1VYcZ,86,@NYTimes
-0.7269,Sat Jul 28 03:32:04 +0000 2018,0.766,0.234,0,"In the midst of an affordable housing crisis, Ben Carson has privately told aides that he views the shortage as regâ€_ https://t.co/v6LdsrKgPx",87,@NYTimes
0.1027,Sat Jul 28 03:17:01 +0000 2018,0.802,0.092,0.107,"RT @nytopinion: The world is catching fire before our eyes, the predictions of climate scientists are coming true, and we are either fumbliâ€_",88,@NYTimes
-0.8294,Sat Jul 28 02:47:10 +0000 2018,0.721,0.279,0,It's called dark money for a reason: It's hard to trace. But millions of it were spent to kill the Affordable Careâ€_ https://t.co/P5Euv9VjnM,89,@NYTimes
0,Sat Jul 28 02:47:03 +0000 2018,1,0,0,The Trump administration will soon unveil its plan to undo the Obama-era climate change rule on auto pollution. Butâ€_ https://t.co/YRSJe098xT,90,@NYTimes
0.5267,Sat Jul 28 02:32:36 +0000 2018,0.841,0,0.159,"5 Democratic lawmakers called on the Justice Department to investigate the ""Stand Your Ground"" case of a man who waâ€_ https://t.co/p9rFcNfc2R",91,@NYTimes
0,Sat Jul 28 02:17:00 +0000 2018,1,0,0,"RT @tripgabriel: â€˜Russia has infiltrated the control rooms of power plants across the US,â€™ writes âÅ_@SangerNYTâÅ©  https://t.co/JEXiXjROuF",92,@NYTimes
0,Sat Jul 28 02:03:54 +0000 2018,1,0,0,Scott Pruitt's former deputy is now in charge at the EPA. He's taking a more disciplined approach to dismantling enâ€_ https://t.co/8bvFxhdbgQ,93,@NYTimes
-0.5574,Sat Jul 28 01:47:01 +0000 2018,0.787,0.213,0,Mike Cagney lost his job last year as chief executive of Social Finance after accusations of inappropriate workplacâ€_ https://t.co/0etZV4hmUw,94,@NYTimes
0.7717,Sat Jul 28 01:33:04 +0000 2018,0.656,0.062,0.282,"From our friends at @Watching: ""Life Itself"" and ""What Happened Miss Simone?"" are some of the best biographical docâ€_ https://t.co/mEPaWVAqbo",95,@NYTimes
-0.6597,Sat Jul 28 01:17:01 +0000 2018,0.759,0.241,0,"RT @nytdavidbrooks: These days, I spend my mornings writing depressing columns about a political culture marred by distrust and my afternooâ€_",96,@NYTimes
0,Sat Jul 28 01:03:27 +0000 2018,1,0,0,Evening Briefing: Here's what you need to know at the end of the day https://t.co/jNVtVoMajk,97,@NYTimes
0.5719,Sat Jul 28 00:47:01 +0000 2018,0.861,0,0.139,"""In his hands he clutched, as if they were precious, two items that had been given to him and other migrants on theâ€_ https://t.co/IiQLMLrA59",98,@NYTimes
0,Sat Jul 28 00:33:32 +0000 2018,1,0,0,"1,387 nursing homes received just 1 out 5 stars for staffing levels in Medicare's new rankings https://t.co/XVvZF52bIy",99,@NYTimes
-0.8658,Fri Jul 27 05:53:04 +0000 2018,0.553,0.447,0,Five dead and five injured after car and minibus crash on A96 in Moray https://t.co/1jBgjqgX7P,0,@BBCBreaking
-0.8555,Fri Jul 27 01:59:48 +0000 2018,0.656,0.344,0,"North Korea has returned the remains of US troops killed during the Korean War, White House confirms https://t.co/rpsPNChksr",1,@BBCBreaking
0,Thu Jul 26 23:04:29 +0000 2018,1,0,0,"More than 1,800 migrant children in US reunited with family members by a court-ordered deadline, government says https://t.co/pzjlsaBOrN",2,@BBCBreaking
-0.3182,Thu Jul 26 12:17:23 +0000 2018,0.874,0.126,0,Former cricketer Imran Khan claims victory in Pakistan's election amid accusations of vote rigging by rivals https://t.co/r8z5wnYu7z,3,@BBCBreaking
0.2263,Thu Jul 26 09:56:02 +0000 2018,0.783,0.065,0.152,"BBC agrees to pay Sir Cliff Richard Â£850,000 within 14 days to cover his legal costs after privacy ruling https://t.co/lP9aHPHNZO",4,@BBCBreaking
0,Thu Jul 26 06:41:03 +0000 2018,1,0,0,"Explosion reported close to the US embassy in Beijing, according to multiple eyewitness reports on social media https://t.co/f2RzOOnzre",5,@BBCBreaking
0,Wed Jul 25 23:49:08 +0000 2018,1,0,0,Conservatives in US Congress start impeachment process in effort to oust Deputy Attorney General Rod Rosenstein https://t.co/hbPIHoRp08,6,@BBCBreaking
0,Wed Jul 25 14:22:52 +0000 2018,1,0,0,"Scientists believe they've found liquid water on Mars for the first time, a potential game-changer in the search foâ€_ https://t.co/W8UcZKBCjA",7,@BBCBreaking
-0.4767,Wed Jul 25 10:21:24 +0000 2018,0.717,0.207,0.076,Can you own a shape? Kit Kat loses its 16-year battle to trademark a four-fingered wafer bar at top EU court https://t.co/CI8XIU4wxz,8,@BBCBreaking
-0.9531,Wed Jul 25 06:06:04 +0000 2018,0.497,0.503,0,Suicide attacks in southern Syria kill at least 38 people - Islamic State group says it was behind the violence https://t.co/iWxeypEWIL,9,@BBCBreaking
-0.5859,Tue Jul 24 14:53:07 +0000 2018,0.654,0.246,0.1,DUP MP Ian Paisley suspended from Commons after he failed to declare holidays paid for by Sri Lankan government https://t.co/b3aKthkEfy,10,@BBCBreaking
-0.7845,Tue Jul 24 14:46:27 +0000 2018,0.685,0.315,0,"At least 74 people killed in wildfires close to Athens, Greek fire brigade official sayshttps://t.co/hXxldenh2P https://t.co/pv1gvtIsfl",11,@BBCBreaking
0,Tue Jul 24 11:41:03 +0000 2018,1,0,0,"Israel shoots down Syrian warplane flying over its airspace in southern Golan, Israeli army says https://t.co/1q1iAVx4Wt",12,@BBCBreaking
-0.6369,Tue Jul 24 11:31:53 +0000 2018,0.743,0.257,0,Greek PM Alexis Tsipras declares three-day period of mourning for victims of deadly wildfires in Greeceâ€_ https://t.co/u28o5XTA4s,13,@BBCBreaking
-0.6705,Tue Jul 24 10:54:27 +0000 2018,0.791,0.209,0,"At least 60 people killed in Greece wildfires in the Attica region around Athens, local official saysâ€_ https://t.co/nsLJ8RKq84",14,@BBCBreaking
-0.4926,Tue Jul 24 10:28:15 +0000 2018,0.819,0.181,0,"RT @BBCSport: Race stopped!The 16th stage of the #TDF2018 has been put on pause due to a protest.Live: https://t.co/6AsDSFzMjQ https://â€_",15,@BBCBreaking
-0.8126,Tue Jul 24 08:08:46 +0000 2018,0.565,0.378,0.057,"Hundreds missing and an unknown number dead after dam collapses in Laos, state news agency reports https://t.co/ET8e1BBRUI",16,@BBCBreaking
-0.8709,Tue Jul 24 06:55:17 +0000 2018,0.513,0.395,0.092,"Greece wildfires:- at least 50 killed- more than 100 injured- Greece issues appeal for help- worst recorded wiâ€_ https://t.co/cQYljPSLMd",17,@BBCBreaking
-0.8555,Tue Jul 24 06:16:46 +0000 2018,0.625,0.375,0,At least 50 people now reported dead in Greece's worst wildfires in more than a decade https://t.co/0NvP8xdqDA,18,@BBCBreaking
-0.7964,Mon Jul 23 05:44:30 +0000 2018,0.633,0.367,0,Three men arrested in London over suspected acid attack on three-year-old boy in Worcester on Saturday https://t.co/1lyDT0owWH,19,@BBCBreaking
-0.8126,Sun Jul 22 10:24:38 +0000 2018,0.539,0.461,0,"Three-year-old boy seriously injured in suspected ""deliberate"" acid attack in Worcester, England, police say https://t.co/UIMDWhVvOw",20,@BBCBreaking
-0.5574,Fri Jul 20 21:11:50 +0000 2018,0.859,0.141,0,"Nine of the 17 people who died when a tour boat sank in a Missouri lake were from the same family, the governor ofâ€_ https://t.co/eiWoSusxIl",21,@BBCBreaking
-0.6908,Fri Jul 20 16:36:21 +0000 2018,0.737,0.263,0,"Novichok victim Charlie Rowley released from UK hospital, days after partner died following exposure to nerve agent https://t.co/0yVOwGyNys",22,@BBCBreaking
-0.0258,Fri Jul 20 14:57:32 +0000 2018,0.936,0.064,0,"Two 15-year-old boys, who planned a Columbine-style shooting at a North Yorkshire school, sentenced to 12 years andâ€_ https://t.co/LfwZZpoi9q",23,@BBCBreaking
-0.4767,Fri Jul 20 13:34:59 +0000 2018,0.838,0.162,0,"Several people wounded in knife attack on bus in northern German city of Luebeck, reports say https://t.co/SS7enQBT3h",24,@BBCBreaking
0,Fri Jul 20 10:09:12 +0000 2018,1,0,0,"Major medical records hack uncovered in Singapore, affecting 1.5m people (a third of the population) - government https://t.co/nu4OV6GXcq",25,@BBCBreaking
0.6124,Thu Jul 19 16:24:26 +0000 2018,0.821,0,0.179,"The baby girl who was in the back of an Audi that was carjacked in Birmingham has been found safe and well, and wilâ€_ https://t.co/gmtENbXzvE",26,@BBCBreaking
0,Thu Jul 19 16:05:13 +0000 2018,1,0,0,"Four-week-old baby girl in the back of an Audi carjacked in Birmingham, say police https://t.co/LFWNZhFOnN",27,@BBCBreaking
-0.6705,Thu Jul 19 08:49:00 +0000 2018,0.744,0.256,0,Police 'identify Russian suspects' in Novichok attack on ex-spy Sergei Skripal and his daughter Yulia in Salisbury https://t.co/JZcvjKt9Bm,28,@BBCBreaking
0,Wed Jul 18 11:23:03 +0000 2018,1,0,0,"EU fines Google record 4.34bn euros ($5bn) for using Android operating system to illegally ""cement dominant positioâ€_ https://t.co/XnQIu99Eml",29,@BBCBreaking
0.2732,Wed Jul 18 11:00:10 +0000 2018,0.877,0,0.123,RT @BBCSport: Liverpool have agreed a world record fee with Roma for goalkeeper Alisson https://t.co/DaEYQGPqKj #LFC https://t.co/T85ZC9aRFU,30,@BBCBreaking
0,Wed Jul 18 09:46:34 +0000 2018,1,0,0,"BBC's Director of News, Fran Unsworth, says it is 'looking at' appealing the judgment after Sir Cliff Richard winsâ€_ https://t.co/bjggtxbcRB",31,@BBCBreaking
0.6124,Wed Jul 18 09:03:11 +0000 2018,0.625,0.114,0.261,"""I'm choked up. I can't believe it. It's wonderful news."" Sir Cliff Richard says after winning High Court privacy câ€_ https://t.co/m4QUWRwDM0",32,@BBCBreaking
0.4939,Wed Jul 18 08:56:46 +0000 2018,0.654,0.112,0.235,"Sir Cliff Richard awarded Â£210,000 in damages after winning High Court privacy case against BBC. Judge says star isâ€_ https://t.co/2Jr4zfF9Dm",33,@BBCBreaking
0.5719,Wed Jul 18 08:50:31 +0000 2018,0.856,0,0.144,Sir Cliff Richard has won his High Court privacy case against the BBC over its coverage of a police raid on his home https://t.co/jXb9g43ADM,34,@BBCBreaking
0.3182,Wed Jul 18 07:06:29 +0000 2018,0.669,0.117,0.213,"Elon Musk apologises to British cave rescue diver in Thailand he called ""pedo guy"" for ridiculing his mini-submarine https://t.co/fjJkSwsmFg",35,@BBCBreaking
0.6597,Tue Jul 17 19:12:50 +0000 2018,0.748,0,0.252,President Donald Trump says he accepts US intelligence agencies' conclusion that Russia interfered in the 2016 elecâ€_ https://t.co/1Q1gfcJXc2,36,@BBCBreaking
0.1779,Tue Jul 17 17:50:20 +0000 2018,0.705,0.132,0.163,"UK government narrowly wins key Brexit vote, rejecting call to stay in a customs union in ""no-deal"" scenario https://t.co/HYquaTYKv6",37,@BBCBreaking
-0.4404,Tue Jul 17 08:33:15 +0000 2018,0.847,0.153,0,"Unemployment fell by 12,000 in the three months to May to 1.41 million, official figures show https://t.co/txyZzQ4SZD",38,@BBCBreaking
-0.0516,Tue Jul 17 06:17:56 +0000 2018,0.926,0.074,0,Brexit campaign group Vote Leave is fined and referred to police for breaking electoral law https://t.co/1jWE9x7lKd,39,@BBCBreaking
-0.3182,Mon Jul 16 21:08:29 +0000 2018,0.679,0.213,0.109,UK government avoids defeat - by just three votes - on its Customs Bill after agreeing to Brexiteers' amendment https://t.co/BttpCnYbBC,40,@BBCBreaking
0,Mon Jul 16 14:19:40 +0000 2018,1,0,0,"Victorious French World Cup team to receive their country's highest accolade, the LÃ©gion d'Honneur https://t.co/dbzCE4xgxd",41,@BBCBreaking
0.6249,Mon Jul 16 11:20:02 +0000 2018,0.823,0,0.177,"""It's great to be with you""US President Donald Trump shakes hands with Russian President Vladimir Putin ahead ofâ€_ https://t.co/k1OMUo03Zy",42,@BBCBreaking
0,Mon Jul 16 11:15:14 +0000 2018,1,0,0,"Donald Trump says he expects to have ""extraordinary relationship"" with Vladimir Putin as they begin first summit https://t.co/vcJdgUan5q",43,@BBCBreaking
0.8188,Sun Jul 15 16:54:13 +0000 2018,0.736,0,0.264,"RT @BBCSport: FRANCE ARE THE WORLD CHAMPIONS!Itâ€™s ended #FRA 4-2 #CRO to give the French their second #WorldCup triumph.Allez les bleusâ€_",44,@BBCBreaking
0.7177,Sun Jul 15 15:33:53 +0000 2018,0.786,0,0.214,"RT @5liveSport: Novak Djokovic has done it! _Ÿ‘‘He beats Kevin Anderson in straight sets to win his fourth #Wimbledon title _Ÿ‘è_Ÿ‘è_Ÿè†_Ÿè†_Ÿè†_Ÿè†Reactiâ€_",45,@BBCBreaking
0,Sun Jul 15 09:03:52 +0000 2018,1,0,0,"UK Prime Minister Theresa May says Donald Trump told her to ""sue the EU"" https://t.co/ua2BkVnhgF https://t.co/sjan2qwTCi",46,@BBCBreaking
0.6688,Sat Jul 14 16:23:05 +0000 2018,0.848,0,0.152,"RT @BBCSport: Angelique Kerber is the #wimbledon champion! _Ÿ‘èThe German beats Serena Williams to lift the trophy for the first time! _Ÿ™Œ Lâ€_",47,@BBCBreaking
-0.0516,Sat Jul 14 15:52:16 +0000 2018,0.946,0.054,0,"RT @BBCSport: FT Belgium 2-0 EnglandEngland leave Russia with their heads held high and their joint-best #worldcup finish since '66.Belâ€_",48,@BBCBreaking
-0.5067,Sat Jul 14 14:34:06 +0000 2018,0.884,0.116,0,"RT @BBCSport: He's done it! _Ÿ™Œ WHAT A MATCH! _Ÿ”¥ Novak Djokovic is through to his fifth #Wimbledon final! Nadal 4-6 6-3 6-7 (9-11) 6-3 8â€_",49,@BBCBreaking
-0.4753,Fri Jul 13 18:47:11 +0000 2018,0.897,0.103,0,"RT @BBCSport: IT'S OVER!Game, set, match: Kevin Anderson âœ…After six hours 35 minutes, he's beaten John Isner 7-6 6-7 6-7 6-4 26-24._Ÿ“ºâ€_",50,@BBCBreaking
-0.7906,Fri Jul 13 16:46:13 +0000 2018,0.708,0.292,0,Former PM Nawaz Sharif arrested on return to Pakistan as elsewhere scores die in blasts targeting election rallies https://t.co/ZNtKUxtCWn,51,@BBCBreaking
-0.4939,Fri Jul 13 16:15:40 +0000 2018,0.849,0.151,0,"Police say Novichok that poisoned couple in Amesbury, Wiltshire, came from small bottle found in one victim's house https://t.co/OJekuAbuYz",52,@BBCBreaking
0.4767,Fri Jul 13 16:11:16 +0000 2018,0.829,0,0.171,"12 Russian intelligence officers indicted for hacking Democrat emails during 2016 election, US authorities announce https://t.co/GMJNfLiBQO",53,@BBCBreaking
0,Fri Jul 13 16:06:19 +0000 2018,1,0,0,"Queen Elizabeth II meets US President Donald Trump at Windsor Castle https://t.co/3Q606Y04yc #TrumpVisitUK https://t.co/VRXtDD1PP8",54,@BBCBreaking
0.4019,Fri Jul 13 13:34:39 +0000 2018,0.856,0,0.144,"The US/UK relationship is now the ""highest level of special"" - President Trump tells Chequers press conferenceâ€_ https://t.co/Nei7esrAum",55,@BBCBreaking
0.6249,Fri Jul 13 13:28:08 +0000 2018,0.814,0,0.186,"""Boris Johnson I think would be a great prime minister""I also said this ""incredible woman"" Theresa May is doing aâ€_ https://t.co/s6qNLdA5yO",56,@BBCBreaking
-0.4577,Fri Jul 13 13:15:37 +0000 2018,0.642,0.248,0.11,"""I didn't criticise the prime minister"" in Sun interview - President Trump calls accusations ""fake news"" Latestâ€_ https://t.co/H6HCBDhp6Y",57,@BBCBreaking
0.5574,Fri Jul 13 13:09:28 +0000 2018,0.772,0,0.228,"""Whatever you do is ok with us, just make sure we can trade together that's all that matters"" - President Trump onâ€_ https://t.co/KN9sbpEvnM",58,@BBCBreaking
0,Fri Jul 13 09:26:16 +0000 2018,1,0,0,"RT @BBCSport: Chelsea have confirmed the sacking of manager Antonio Conte.#bbcfootball https://t.co/zVCdvvNKka",59,@BBCBreaking
0.5837,Thu Jul 12 15:10:13 +0000 2018,0.845,0,0.155,"RT @BBCSport: Look who's back! _Ÿ˜çSerena Williams returns to familiar territory as she reaches her tenth #Wimbledon final!Reaction _Ÿ“_ httpâ€_",60,@BBCBreaking
0,Thu Jul 12 14:51:23 +0000 2018,1,0,0,"RT @BBCSport: Chelsea are set to announce the departure of manager Antonio Conte after two years in charge.More here: https://t.co/2AvV7Zâ€_",61,@BBCBreaking
-0.4753,Thu Jul 12 13:18:24 +0000 2018,0.901,0.099,0,"RT @BBCSport: She's made it to the final! _Ÿ™ŒAngelique Kerber has beaten Jelena Ostapenko in the first women's semi-final of the day. _Ÿ“_ hâ€_",62,@BBCBreaking
0,Thu Jul 12 13:07:51 +0000 2018,1,0,0,"Donald Trump arrives in UK for two-day working trip; his first time in the country as US president Followâ€_ https://t.co/LYywzQUv3H",63,@BBCBreaking
0.4215,Thu Jul 12 11:31:29 +0000 2018,0.843,0,0.157,Proposed deal for Rupert Murdoch's 21st Century Fox to buy Sky approved by UK government https://t.co/9ccLlahx8A,64,@BBCBreaking
0.2732,Thu Jul 12 10:35:27 +0000 2018,0.861,0,0.139,President Trump says Nato countries have agreed to spend more on military budgets https://t.co/zDQjItZjgv,65,@BBCBreaking
-0.743,Wed Jul 11 20:43:42 +0000 2018,0.76,0.24,0,"Heartbreak for England as the team is knocked out of the World Cup by Croatia, losing 2-1 in the semi-final #ENGCROâ€_ https://t.co/maYzBIKN70",66,@BBCBreaking
0.2732,Wed Jul 11 16:30:49 +0000 2018,0.749,0.105,0.146,"RT @BBCSport: The defending champion is OUT.Roger Federer is beaten in the quarter-finals at Wimbledon by eighth seed Kevin Anderson.Reâ€_",67,@BBCBreaking
0.2023,Wed Jul 11 11:01:22 +0000 2018,0.921,0,0.079,The top 12 earners on the BBC's latest list of star salaries are all men - with Gary Lineker the highest paid https://t.co/sFhc7Fzzvg,68,@BBCBreaking
-0.8555,Wed Jul 11 10:44:48 +0000 2018,0.574,0.426,0,"Novichok poisoning victim Charlie Rowley ""no longer in critical condition"", says director of nursing at Salisbury Hâ€_ https://t.co/euDmWNA8JN",69,@BBCBreaking
-0.7783,Wed Jul 11 08:11:56 +0000 2018,0.688,0.312,0,Member of German neo-Nazi gang has been found guilty of 10 racially-motivated murders after five-year trial https://t.co/AD8caMZBYn,70,@BBCBreaking
0.2382,Wed Jul 11 05:03:41 +0000 2018,0.919,0,0.081,"""There was only a tiny bit of hope, but that's all we had to work with.""Thai Navy Seal chief talks about successfâ€_ https://t.co/ARk0ZPEWYn",71,@BBCBreaking
0,Tue Jul 10 20:04:12 +0000 2018,1,0,0,"RT @BBCSport: FT: #FRA 1-0 #BEL France are into their third #WorldCup final! Samuel Umtiti's 51st minute header gives Les Bleus victoryâ€_",72,@BBCBreaking
-0.4497,Tue Jul 10 16:22:12 +0000 2018,0.811,0.189,0,"Amesbury Novichok poisoning victim Charlie Rowley is now conscious but ""not out of the woods yet"", say doctors https://t.co/8DpOy3EmKk",73,@BBCBreaking
0.4019,Tue Jul 10 15:51:04 +0000 2018,0.856,0,0.144,Conservative party vice chairs Maria Caulfield and Ben Bradley quit over Theresa May's Chequers Brexit plan https://t.co/eu5WbZqyvi,74,@BBCBreaking
0.8313,Tue Jul 10 15:32:56 +0000 2018,0.714,0,0.286,"RT @BBCSport: Wow! _Ÿ˜_Cristiano Ronaldo is set to be confirmed as a Juventus player, with a deal agreed between the Serie A club and Real Mâ€_",75,@BBCBreaking
0.7574,Tue Jul 10 14:47:39 +0000 2018,0.735,0,0.265,"@DanJohnsonNews Mission accomplished!The last members of the rescue team who were inside the cave have made it ouâ€_ https://t.co/07BGJKbrAs",76,@BBCBreaking
0.6344,Tue Jul 10 12:47:28 +0000 2018,0.73,0,0.27,"""It really is a fantastic achievement of human endeavour"" - @DanJohnsonNews on the extraordinary challenges faced bâ€_ https://t.co/QvEyYpepnm",77,@BBCBreaking
0.6114,Tue Jul 10 12:25:05 +0000 2018,0.834,0,0.166,"What a sight!Dozens of aircraft fly over Buckingham Palace as the Royal Air Force celebrates 100 years of its proâ€_ https://t.co/nAE0vnKNkp",78,@BBCBreaking
0.4215,Tue Jul 10 11:54:41 +0000 2018,0.859,0,0.141,#ThaiCaveRescue: All 12 boys and their football coach rescued from flooded cave system in Chiang Rai _Ÿê—_Ÿ‡__Ÿ‡_â€_ https://t.co/sGgZ9M5i42,79,@BBCBreaking
0.5106,Tue Jul 10 10:30:29 +0000 2018,0.852,0,0.148,"Reports from the scene say 11th person has been carried out of cave in Thailand, as rescue operation continuesâ€_ https://t.co/DQT7iRlkkX",80,@BBCBreaking
0.8689,Tue Jul 10 09:45:01 +0000 2018,0.66,0,0.34,"Thai cave rescue: At least one more boy brought out of cave safely in latest phase of rescue operation - reportsLâ€_ https://t.co/OaF9Y8otmE",81,@BBCBreaking
0.7184,Tue Jul 10 05:08:14 +0000 2018,0.684,0,0.316,"#ThailandCaveRescue: Remaining  four boys and coach may be freed today, rescue chief says https://t.co/ZND3yhW6keâ€_ https://t.co/RbbPnDiatP",82,@BBCBreaking
0.4939,Tue Jul 10 02:23:26 +0000 2018,0.856,0,0.144,Day 3 of the #ThailandCaveRescue and divers are gearing up to save the remaining five - Follow our live reporting pâ€_ https://t.co/eckWXBmsjT,83,@BBCBreaking
0.128,Tue Jul 10 01:06:25 +0000 2018,0.628,0.198,0.174,"President Trump picks conservative Brett Kavanaugh for US Supreme Court, setting up a tough confirmation battle https://t.co/tn5pf9I6oW",84,@BBCBreaking
0,Mon Jul 09 20:13:13 +0000 2018,1,0,0,"Matt Hancock appointed new health secretary to replace Jeremy Hunt https://t.co/OjtreyhwDR",85,@BBCBreaking
0,Mon Jul 09 19:58:16 +0000 2018,1,0,0,"Jeremy Hunt named as new UK foreign secretary after Boris Johnson quits over Brexit, Downing Street says https://t.co/0IZozKootn",86,@BBCBreaking
-0.296,Mon Jul 09 17:21:53 +0000 2018,0.804,0.196,0,"Resignation statement in full from @BorisJohnsonLive reaction: https://t.co/w4wKJ0BcTD https://t.co/9UCCX8X7hv",87,@BBCBreaking
-0.0516,Mon Jul 09 17:10:12 +0000 2018,0.781,0.115,0.104,"Former UK foreign secretary says in resignation letter Brexit dream is dying - ""suffocated by needless self-doubt"" https://t.co/zPtdTpJ1xW",88,@BBCBreaking
0,Mon Jul 09 15:37:45 +0000 2018,1,0,0,"Prince Louis arrives for his christening service at the Chapel Royal, St James's Palacehttps://t.co/TGe9Ld5mpM https://t.co/rmN5muoneJ",89,@BBCBreaking
-0.5423,Mon Jul 09 14:03:11 +0000 2018,0.757,0.243,0,"Boris Johnson resigns as UK Foreign Secretary, following the resignation of Brexit Secretary David Davis https://t.co/gFKnbH5oez",90,@BBCBreaking
0.7184,Mon Jul 09 12:58:32 +0000 2018,0.76,0,0.24,"#ThaiCaveRescue: Four more boys have been safely taken out of the caves, bringing the total rescued to eight, the Bâ€_ https://t.co/iAoDEWyY14",91,@BBCBreaking
0.1779,Mon Jul 09 10:13:29 +0000 2018,0.928,0,0.072,"There's got to be a time we ""get a bit tougher"" with the EU and ""this should have been the time"" - David Davis tellâ€_ https://t.co/KfYSPmeseP",92,@BBCBreaking
-0.3182,Mon Jul 09 09:28:47 +0000 2018,0.839,0.161,0,Dominic Raab appointed Brexit Secretary after David Davis resigns from UK government https://t.co/rrWuBon3KV,93,@BBCBreaking
0.4215,Mon Jul 09 08:05:02 +0000 2018,0.859,0,0.141,"#ThaiCaveRescue: Four boys rescued last night now in quarantine in Chiang Rai hospital, local officials say Liveâ€_ https://t.co/RkkbsCm2S0",94,@BBCBreaking
0.5106,Mon Jul 09 07:53:17 +0000 2018,0.845,0,0.155,Follow the latest developments on day two of the #ThaiCaveRescue as effort to rescue nine remaining people resumesâ€_ https://t.co/xhGbOrNFQv,95,@BBCBreaking
-0.0516,Mon Jul 09 06:55:41 +0000 2018,0.946,0.054,0,"It looks ""less and less likely"" that the UK will leave the customs union and single market - read David Davis's resâ€_ https://t.co/tRxO2gh0Tz",96,@BBCBreaking
-0.3182,Mon Jul 09 06:34:11 +0000 2018,0.867,0.133,0,Follow the latest reaction &amp; developments as Brexit Secretary David Davis resigns from UK governmentâ€_ https://t.co/zoFnxH1eeS,97,@BBCBreaking
-0.3182,Sun Jul 08 22:52:50 +0000 2018,0.796,0.204,0,Brexit Secretary David Davis resigns from the UK government https://t.co/NKvP8CSd0M,98,@BBCBreaking
-0.6908,Sun Jul 08 20:50:12 +0000 2018,0.773,0.227,0,"UK police launch murder inquiry after Dawn Sturgess, 44, dies after exposure to nerve agent Novichok https://t.co/adk3o7Sj8z",99,@BBCBreaking